2026-07-20 10:51:23 | INFO     | models.fichier_excel | Fichier chargé : Thor - Corrective maintenance follow-up.xlsx (227 lignes, 12 colonnes)
2026-07-20 10:51:23 | INFO     | models.fichier_excel | JeuDonnees créé : 227 lignes, 12 colonnes
2026-07-20 10:51:31 | INFO     | models.analyse_eda | EDA : 2 colonnes numériques analysées
2026-07-20 10:52:37 | INFO     | models.modele_ml | Labels d'utilité générés (règles génériques) : {'trop_vide': 178, 'doublon': 177, 'valeur_aberrante': 2, 'non_utile_total': 180, 'utile_total': 47}
2026-07-20 10:52:37 | INFO     | models.pretraitement | Doublons supprimés : 177
2026-07-20 10:52:37 | INFO     | models.pretraitement | Valeurs manquantes imputées : 32
2026-07-20 10:53:22 | INFO     | models.modele_ml | RandomForestClassifier entraîné : 200 arbres, 30 features
2026-07-20 10:53:22 | INFO     | models.rapport_evaluation | Évaluation : accuracy=0.923 precision=0.852 recall=0.923 f1=0.886
2026-07-20 10:53:36 | INFO     | models.modele_ml | LogisticRegression entraîné : 30 features
2026-07-20 10:53:36 | INFO     | models.rapport_evaluation | Évaluation : accuracy=0.923 precision=0.852 recall=0.923 f1=0.886
2026-07-20 10:53:37 | INFO     | models.modele_ml | LogisticRegression entraîné : 30 features
2026-07-20 10:53:37 | INFO     | models.rapport_evaluation | Évaluation : accuracy=0.923 precision=0.852 recall=0.923 f1=0.886
2026-07-20 10:53:38 | INFO     | models.modele_ml | LogisticRegression entraîné : 30 features
2026-07-20 10:53:38 | INFO     | models.rapport_evaluation | Évaluation : accuracy=0.923 precision=0.852 recall=0.923 f1=0.886
2026-07-20 10:53:38 | INFO     | models.modele_ml | LogisticRegression entraîné : 30 features
2026-07-20 10:53:38 | INFO     | models.rapport_evaluation | Évaluation : accuracy=0.923 precision=0.852 recall=0.923 f1=0.886
2026-07-20 10:53:56 | INFO     | models.fichier_excel | Fichier chargé : Maintenance_Analyse.xlsx (50 lignes, 16 colonnes)
2026-07-20 10:53:56 | INFO     | models.fichier_excel | JeuDonnees créé : 50 lignes, 16 colonnes
2026-07-20 11:07:05 | INFO     | models.modele_ml | Labels d'utilité générés (règles génériques) : {'trop_vide': 0, 'doublon': 0, 'valeur_aberrante': 3, 'non_utile_total': 3, 'utile_total': 47}
2026-07-20 11:07:05 | INFO     | models.pretraitement | Doublons supprimés : 0
2026-07-20 11:07:05 | INFO     | models.pretraitement | Valeurs manquantes imputées : 0
2026-07-20 11:07:10 | INFO     | models.modele_ml | Labels d'utilité générés (règles génériques) : {'trop_vide': 0, 'doublon': 0, 'valeur_aberrante': 3, 'non_utile_total': 3, 'utile_total': 47}
2026-07-20 11:07:10 | INFO     | models.pretraitement | Doublons supprimés : 0
2026-07-20 11:07:10 | INFO     | models.pretraitement | Valeurs manquantes imputées : 0
2026-07-20 11:07:20 | INFO     | models.modele_ml | Labels d'utilité générés (règles génériques) : {'trop_vide': 0, 'doublon': 0, 'valeur_aberrante': 3, 'non_utile_total': 3, 'utile_total': 47}
2026-07-20 11:07:20 | INFO     | models.pretraitement | Doublons supprimés : 0
2026-07-20 11:07:20 | INFO     | models.pretraitement | Valeurs manquantes imputées : 0
2026-07-20 11:07:23 | INFO     | models.modele_ml | Labels d'utilité générés (règles génériques) : {'trop_vide': 0, 'doublon': 0, 'valeur_aberrante': 3, 'non_utile_total': 3, 'utile_total': 47}
2026-07-20 11:07:23 | INFO     | models.pretraitement | Doublons supprimés : 0
2026-07-20 11:07:23 | INFO     | models.pretraitement | Valeurs manquantes imputées : 0
2026-07-20 11:07:26 | INFO     | models.modele_ml | Labels d'utilité générés (règles génériques) : {'trop_vide': 0, 'doublon': 0, 'valeur_aberrante': 3, 'non_utile_total': 3, 'utile_total': 47}
2026-07-20 11:07:26 | INFO     | models.pretraitement | Doublons supprimés : 0
2026-07-20 11:07:26 | INFO     | models.pretraitement | Valeurs manquantes imputées : 0
2026-07-20 11:07:26 | INFO     | models.modele_ml | Labels d'utilité générés (règles génériques) : {'trop_vide': 0, 'doublon': 0, 'valeur_aberrante': 3, 'non_utile_total': 3, 'utile_total': 47}
2026-07-20 11:07:26 | INFO     | models.pretraitement | Doublons supprimés : 0
2026-07-20 11:07:26 | INFO     | models.pretraitement | Valeurs manquantes imputées : 0
2026-07-20 11:07:27 | INFO     | models.modele_ml | Labels d'utilité générés (règles génériques) : {'trop_vide': 0, 'doublon': 0, 'valeur_aberrante': 3, 'non_utile_total': 3, 'utile_total': 47}
2026-07-20 11:07:27 | INFO     | models.pretraitement | Doublons supprimés : 0
2026-07-20 11:07:27 | INFO     | models.pretraitement | Valeurs manquantes imputées : 0
2026-07-20 11:07:27 | INFO     | models.modele_ml | Labels d'utilité générés (règles génériques) : {'trop_vide': 0, 'doublon': 0, 'valeur_aberrante': 3, 'non_utile_total': 3, 'utile_total': 47}
2026-07-20 11:07:27 | INFO     | models.pretraitement | Doublons supprimés : 0
2026-07-20 11:07:27 | INFO     | models.pretraitement | Valeurs manquantes imputées : 0
2026-07-20 11:07:30 | INFO     | models.modele_ml | RandomForestClassifier entraîné : 200 arbres, 34 features
2026-07-20 11:07:30 | INFO     | models.rapport_evaluation | Évaluation : accuracy=0.923 precision=0.852 recall=0.923 f1=0.886
2026-07-20 11:07:31 | INFO     | models.modele_ml | RandomForestClassifier entraîné : 200 arbres, 34 features
2026-07-20 11:07:31 | INFO     | models.modele_ml | RandomForestClassifier entraîné : 200 arbres, 34 features
2026-07-20 11:07:32 | INFO     | models.rapport_evaluation | Évaluation : accuracy=0.923 precision=0.852 recall=0.923 f1=0.886
2026-07-20 11:07:37 | INFO     | models.modele_ml | Labels d'utilité générés (règles génériques) : {'trop_vide': 0, 'doublon': 0, 'valeur_aberrante': 3, 'non_utile_total': 3, 'utile_total': 47}
2026-07-20 11:07:37 | INFO     | models.pretraitement | Doublons supprimés : 0
2026-07-20 11:07:37 | INFO     | models.pretraitement | Valeurs manquantes imputées : 0
2026-07-20 11:07:38 | INFO     | models.modele_ml | Labels d'utilité générés (règles génériques) : {'trop_vide': 0, 'doublon': 0, 'valeur_aberrante': 3, 'non_utile_total': 3, 'utile_total': 47}
2026-07-20 11:07:38 | INFO     | models.pretraitement | Doublons supprimés : 0
2026-07-20 11:07:38 | INFO     | models.pretraitement | Valeurs manquantes imputées : 0
2026-07-20 11:07:39 | INFO     | models.modele_ml | Labels d'utilité générés (règles génériques) : {'trop_vide': 0, 'doublon': 0, 'valeur_aberrante': 3, 'non_utile_total': 3, 'utile_total': 47}
2026-07-20 11:07:39 | INFO     | models.pretraitement | Doublons supprimés : 0
2026-07-20 11:07:39 | INFO     | models.pretraitement | Valeurs manquantes imputées : 0
2026-07-20 11:07:39 | INFO     | models.modele_ml | Labels d'utilité générés (règles génériques) : {'trop_vide': 0, 'doublon': 0, 'valeur_aberrante': 3, 'non_utile_total': 3, 'utile_total': 47}
2026-07-20 11:07:39 | INFO     | models.pretraitement | Doublons supprimés : 0
2026-07-20 11:07:39 | INFO     | models.pretraitement | Valeurs manquantes imputées : 0
2026-07-20 11:07:39 | INFO     | models.modele_ml | Labels d'utilité générés (règles génériques) : {'trop_vide': 0, 'doublon': 0, 'valeur_aberrante': 3, 'non_utile_total': 3, 'utile_total': 47}
2026-07-20 11:07:39 | INFO     | models.pretraitement | Doublons supprimés : 0
2026-07-20 11:07:39 | INFO     | models.pretraitement | Valeurs manquantes imputées : 0
2026-07-20 11:07:42 | INFO     | models.modele_ml | Labels d'utilité générés (règles génériques) : {'trop_vide': 0, 'doublon': 0, 'valeur_aberrante': 3, 'non_utile_total': 3, 'utile_total': 47}
2026-07-20 11:07:42 | INFO     | models.pretraitement | Doublons supprimés : 0
2026-07-20 11:07:42 | INFO     | models.pretraitement | Valeurs manquantes imputées : 0
2026-07-20 11:08:01 | INFO     | models.fichier_excel | Fichier chargé : Thor - Corrective maintenance follow-up.xlsx (227 lignes, 12 colonnes)
2026-07-20 11:08:01 | INFO     | models.fichier_excel | JeuDonnees créé : 227 lignes, 12 colonnes
2026-07-20 11:08:05 | INFO     | models.analyse_eda | EDA : 2 colonnes numériques analysées
2026-07-20 11:08:13 | INFO     | models.analyse_eda | EDA : 2 colonnes numériques analysées
2026-07-20 11:11:04 | INFO     | models.modele_ml | Labels d'utilité générés (règles génériques) : {'trop_vide': 178, 'doublon': 177, 'valeur_aberrante': 2, 'non_utile_total': 180, 'utile_total': 47}
2026-07-20 11:11:04 | INFO     | models.pretraitement | Doublons supprimés : 177
2026-07-20 11:11:04 | INFO     | models.pretraitement | Valeurs manquantes imputées : 32
2026-07-20 11:11:18 | INFO     | models.modele_ml | RandomForestClassifier entraîné : 200 arbres, 30 features
2026-07-20 11:11:18 | INFO     | models.rapport_evaluation | Évaluation : accuracy=0.923 precision=0.852 recall=0.923 f1=0.886
2026-07-20 11:11:21 | INFO     | models.modele_ml | RandomForestClassifier entraîné : 200 arbres, 30 features
2026-07-20 11:11:21 | INFO     | models.rapport_evaluation | Évaluation : accuracy=0.923 precision=0.852 recall=0.923 f1=0.886
2026-07-20 11:20:16 | INFO     | models.fichier_excel | Fichier chargé : titanic.csv (891 lignes, 12 colonnes)
2026-07-20 11:20:16 | INFO     | models.fichier_excel | JeuDonnees créé : 891 lignes, 12 colonnes
2026-07-20 11:20:26 | INFO     | models.analyse_eda | EDA : 7 colonnes numériques analysées
2026-07-20 11:20:52 | INFO     | models.modele_ml | Labels d'utilité générés (règles génériques) : {'trop_vide': 0, 'doublon': 0, 'valeur_aberrante': 65, 'non_utile_total': 65, 'utile_total': 826}
2026-07-20 11:20:52 | INFO     | models.pretraitement | Doublons supprimés : 0
2026-07-20 11:20:52 | INFO     | models.pretraitement | Valeurs manquantes imputées : 866
2026-07-20 11:21:01 | INFO     | models.modele_ml | Labels d'utilité générés (règles génériques) : {'trop_vide': 0, 'doublon': 0, 'valeur_aberrante': 65, 'non_utile_total': 65, 'utile_total': 826}
2026-07-20 11:21:01 | INFO     | models.pretraitement | Doublons supprimés : 0
2026-07-20 11:21:01 | INFO     | models.pretraitement | Valeurs manquantes imputées : 866
2026-07-20 11:21:05 | INFO     | models.modele_ml | RandomForestClassifier entraîné : 200 arbres, 10 features
2026-07-20 11:21:05 | INFO     | models.rapport_evaluation | Évaluation : accuracy=1.000 precision=1.000 recall=1.000 f1=1.000
2026-07-20 11:22:32 | INFO     | models.analyse_eda | EDA : 7 colonnes numériques analysées
2026-07-20 11:22:37 | INFO     | models.modele_ml | Labels d'utilité générés (règles génériques) : {'trop_vide': 0, 'doublon': 0, 'valeur_aberrante': 65, 'non_utile_total': 65, 'utile_total': 826}
2026-07-20 11:22:37 | INFO     | models.pretraitement | Doublons supprimés : 0
2026-07-20 11:22:37 | INFO     | models.pretraitement | Valeurs manquantes imputées : 866
2026-07-20 11:26:19 | INFO     | models.fichier_excel | Fichier chargé : iris.csv (150 lignes, 5 colonnes)
2026-07-20 11:26:19 | INFO     | models.fichier_excel | JeuDonnees créé : 150 lignes, 5 colonnes
2026-07-20 11:26:30 | INFO     | models.analyse_eda | EDA : 4 colonnes numériques analysées
2026-07-20 11:27:25 | INFO     | models.fichier_excel | Fichier chargé : Thor - Corrective maintenance follow-up.xlsx (227 lignes, 12 colonnes)
2026-07-20 11:27:25 | INFO     | models.fichier_excel | JeuDonnees créé : 227 lignes, 12 colonnes
2026-07-20 11:27:29 | INFO     | models.analyse_eda | EDA : 2 colonnes numériques analysées
2026-07-20 11:27:34 | INFO     | models.modele_ml | Labels d'utilité générés (règles génériques) : {'trop_vide': 178, 'doublon': 177, 'valeur_aberrante': 2, 'non_utile_total': 180, 'utile_total': 47}
2026-07-20 11:27:34 | INFO     | models.pretraitement | Doublons supprimés : 177
2026-07-20 11:27:34 | INFO     | models.pretraitement | Valeurs manquantes imputées : 32
2026-07-20 11:27:40 | INFO     | models.modele_ml | RandomForestClassifier entraîné : 200 arbres, 30 features
2026-07-20 11:27:40 | INFO     | models.rapport_evaluation | Évaluation : accuracy=0.923 precision=0.852 recall=0.923 f1=0.886
2026-07-20 11:28:22 | INFO     | models.modele_ml | RandomForestClassifier entraîné : 250 arbres, 30 features
2026-07-20 11:28:22 | INFO     | models.rapport_evaluation | Évaluation : accuracy=0.923 precision=0.852 recall=0.923 f1=0.886
2026-07-20 13:15:16 | INFO     | models.analyse_eda | EDA : 2 colonnes numériques analysées
2026-07-20 13:23:02 | INFO     | models.modele_ml | GradientBoostingClassifier entraîné : 150 arbres, 30 features
2026-07-20 13:23:02 | INFO     | models.rapport_evaluation | Évaluation : accuracy=0.923 precision=0.852 recall=0.923 f1=0.886
2026-07-20 13:29:41 | INFO     | models.modele_ml | GradientBoostingClassifier entraîné : 150 arbres, 30 features
2026-07-20 13:29:41 | INFO     | models.rapport_evaluation | Évaluation : accuracy=0.923 precision=0.852 recall=0.923 f1=0.886
2026-07-20 13:29:43 | INFO     | models.modele_ml | GradientBoostingClassifier entraîné : 150 arbres, 30 features
2026-07-20 13:29:44 | INFO     | models.modele_ml | GradientBoostingClassifier entraîné : 150 arbres, 30 features
2026-07-20 13:29:44 | INFO     | models.modele_ml | GradientBoostingClassifier entraîné : 150 arbres, 30 features
2026-07-20 13:29:44 | INFO     | models.modele_ml | GradientBoostingClassifier entraîné : 150 arbres, 30 features
2026-07-20 13:29:45 | INFO     | models.rapport_evaluation | Évaluation : accuracy=0.923 precision=0.852 recall=0.923 f1=0.886
2026-07-20 15:35:32 | INFO     | models.fichier_excel | Fichier chargé : Thor - Corrective maintenance follow-up.xlsx (227 lignes, 12 colonnes)
2026-07-20 15:35:32 | INFO     | models.fichier_excel | JeuDonnees créé : 227 lignes, 12 colonnes
2026-07-20 15:35:37 | INFO     | models.analyse_eda | EDA : 2 colonnes numériques analysées
2026-07-20 15:49:59 | INFO     | models.fichier_excel | Fichier chargé : Thor - Corrective maintenance follow-up.xlsx (227 lignes, 12 colonnes)
2026-07-20 15:49:59 | INFO     | models.fichier_excel | JeuDonnees créé : 227 lignes, 12 colonnes
2026-07-20 15:50:04 | INFO     | models.analyse_eda | EDA : 2 colonnes numériques analysées
2026-07-20 16:00:19 | INFO     | models.analyse_eda | EDA : 2 colonnes numériques analysées
2026-07-20 16:00:30 | INFO     | models.fichier_excel | Fichier chargé : Thor - Corrective maintenance follow-up.xlsx (227 lignes, 12 colonnes)
2026-07-20 16:00:30 | INFO     | models.fichier_excel | JeuDonnees créé : 227 lignes, 12 colonnes
2026-07-20 22:02:17 | INFO     | models.fichier_excel | Fichier chargé : Thor - Corrective maintenance follow-up.xlsx (227 lignes, 12 colonnes)
2026-07-20 22:02:17 | INFO     | models.fichier_excel | JeuDonnees créé : 227 lignes, 12 colonnes
2026-07-21 16:30:56 | INFO     | models.fichier_excel | Fichier chargé : Thor - Corrective maintenance follow-up.xlsx (227 lignes, 12 colonnes)
2026-07-21 16:30:56 | INFO     | models.fichier_excel | JeuDonnees créé : 227 lignes, 12 colonnes
2026-07-21 16:31:16 | INFO     | models.analyse_eda | EDA : 2 colonnes numériques analysées
2026-07-21 16:31:45 | INFO     | models.modele_ml | Labels d'utilité générés (règles génériques) : {'trop_vide': 178, 'doublon': 177, 'valeur_aberrante': 2, 'non_utile_total': 180, 'utile_total': 47}
2026-07-21 16:31:45 | INFO     | models.pretraitement | Doublons supprimés : 177
2026-07-21 16:31:45 | INFO     | models.pretraitement | Valeurs manquantes imputées : 32
2026-07-21 16:31:57 | INFO     | models.modele_ml | RandomForestClassifier entraîné : 200 arbres, 30 features
2026-07-21 16:31:57 | INFO     | models.rapport_evaluation | Évaluation : accuracy=0.923 precision=0.852 recall=0.923 f1=0.886
2026-07-21 17:18:45 | INFO     | models.fichier_excel | Fichier chargé : Thor - Corrective maintenance follow-up.xlsx (227 lignes, 12 colonnes)
2026-07-21 17:18:45 | INFO     | models.fichier_excel | JeuDonnees créé : 227 lignes, 12 colonnes
2026-07-21 17:18:51 | INFO     | models.analyse_eda | EDA : 2 colonnes numériques analysées
2026-07-21 17:42:37 | INFO     | models.tableau_maintenance | Export Excel du tableau de suivi des maintenances généré.
2026-07-21 17:42:40 | INFO     | models.tableau_maintenance | Export Excel du tableau de suivi des maintenances généré.
2026-07-21 17:43:08 | INFO     | models.tableau_maintenance | Export Excel du tableau de suivi des maintenances généré.
2026-07-21 17:43:34 | INFO     | models.tableau_maintenance | Export Excel du tableau de suivi des maintenances généré.
2026-07-21 17:43:37 | INFO     | models.tableau_maintenance | Export Excel du tableau de suivi des maintenances généré.
2026-07-21 17:43:41 | INFO     | models.tableau_maintenance | Export Excel du tableau de suivi des maintenances généré.
2026-07-21 17:47:56 | INFO     | models.tableau_maintenance | Export Excel du tableau de suivi des maintenances généré.
2026-07-21 17:48:13 | INFO     | models.tableau_maintenance | Export Excel du tableau de suivi des maintenances généré.
2026-07-21 17:48:16 | INFO     | models.tableau_maintenance | Export Excel du tableau de suivi des maintenances généré.
2026-07-21 17:48:56 | INFO     | models.tableau_maintenance | Export Excel du tableau de suivi des maintenances généré.
2026-07-21 17:51:42 | INFO     | models.tableau_maintenance | Export Excel du tableau de suivi des maintenances généré.
2026-07-21 17:51:49 | INFO     | models.tableau_maintenance | Export Excel du tableau de suivi des maintenances généré.
2026-07-21 17:51:53 | INFO     | models.tableau_maintenance | Export Excel du tableau de suivi des maintenances généré.
2026-07-21 17:52:33 | INFO     | models.tableau_maintenance | Export Excel du tableau de suivi des maintenances généré.
2026-07-21 17:56:37 | INFO     | models.tableau_maintenance | Export Excel du tableau de suivi des maintenances généré.
2026-07-21 17:56:40 | INFO     | models.tableau_maintenance | Export Excel du tableau de suivi des maintenances généré.
2026-07-21 17:56:48 | INFO     | models.tableau_maintenance | Export Excel du tableau de suivi des maintenances généré.
2026-07-22 08:32:47 | INFO     | models.fichier_excel | Fichier chargé : Thor - Corrective maintenance follow-up.xlsx (227 lignes, 12 colonnes)
2026-07-22 08:32:47 | INFO     | models.fichier_excel | JeuDonnees créé : 227 lignes, 12 colonnes
2026-07-22 08:32:50 | INFO     | models.fichier_excel | Fichier chargé : Thor - Corrective maintenance follow-up.xlsx (227 lignes, 12 colonnes)
2026-07-22 08:32:50 | INFO     | models.fichier_excel | JeuDonnees créé : 227 lignes, 12 colonnes
2026-07-22 08:32:56 | INFO     | models.analyse_eda | EDA : 2 colonnes numériques analysées
2026-07-22 08:37:50 | INFO     | models.modele_ml | Labels d'utilité générés (règles génériques) : {'trop_vide': 178, 'doublon': 177, 'valeur_aberrante': 2, 'non_utile_total': 180, 'utile_total': 47}
2026-07-22 08:37:50 | INFO     | models.pretraitement | Doublons supprimés : 177
2026-07-22 08:37:50 | INFO     | models.pretraitement | Valeurs manquantes imputées : 32
2026-07-22 08:38:10 | INFO     | models.modele_ml | LogisticRegression entraîné : 30 features
2026-07-22 08:38:10 | INFO     | models.rapport_evaluation | Évaluation : accuracy=0.923 precision=0.852 recall=0.923 f1=0.886
2026-07-22 08:49:12 | INFO     | models.tableau_maintenance | Export Excel du tableau de suivi des maintenances généré.
2026-07-22 08:51:16 | INFO     | models.tableau_maintenance | Export Excel du tableau de suivi des maintenances généré.
2026-07-22 09:39:23 | INFO     | models.fichier_excel | Fichier chargé : google_sheet_1gv6LybO-87CA4SaXbI9TvBQyRnFVFBcV.csv (170 lignes, 41 colonnes)
2026-07-22 09:39:23 | INFO     | models.fichier_excel | JeuDonnees créé : 170 lignes, 41 colonnes
2026-07-22 09:39:34 | INFO     | models.fichier_excel | Fichier chargé : google_sheet_1gv6LybO-87CA4SaXbI9TvBQyRnFVFBcV.csv (170 lignes, 41 colonnes)
2026-07-22 09:39:34 | INFO     | models.fichier_excel | JeuDonnees créé : 170 lignes, 41 colonnes
2026-07-22 09:39:35 | INFO     | models.fichier_excel | Fichier chargé : google_sheet_1gv6LybO-87CA4SaXbI9TvBQyRnFVFBcV.csv (170 lignes, 41 colonnes)
2026-07-22 09:39:35 | INFO     | models.fichier_excel | JeuDonnees créé : 170 lignes, 41 colonnes
2026-07-22 09:40:15 | INFO     | models.analyse_eda | EDA : 0 colonnes numériques analysées
2026-07-22 09:40:29 | INFO     | models.fichier_excel | Fichier chargé : Thor - Corrective maintenance follow-up.xlsx (227 lignes, 12 colonnes)
2026-07-22 09:40:29 | INFO     | models.fichier_excel | JeuDonnees créé : 227 lignes, 12 colonnes
2026-07-22 09:40:43 | INFO     | models.analyse_eda | EDA : 2 colonnes numériques analysées
2026-07-22 09:41:57 | INFO     | models.modele_ml | Labels d'utilité générés (règles génériques) : {'trop_vide': 178, 'doublon': 177, 'valeur_aberrante': 2, 'non_utile_total': 180, 'utile_total': 47}
2026-07-22 09:41:57 | INFO     | models.pretraitement | Doublons supprimés : 177
2026-07-22 09:41:58 | INFO     | models.pretraitement | Valeurs manquantes imputées : 32
2026-07-22 09:42:21 | INFO     | models.fichier_excel | Fichier chargé : google_sheet_1gv6LybO-87CA4SaXbI9TvBQyRnFVFBcV.csv (170 lignes, 41 colonnes)
2026-07-22 09:42:21 | INFO     | models.fichier_excel | JeuDonnees créé : 170 lignes, 41 colonnes
2026-07-22 09:45:08 | INFO     | models.fichier_excel | Fichier chargé : google_sheet_1gv6LybO-87CA4SaXbI9TvBQyRnFVFBcV.csv (170 lignes, 41 colonnes)
2026-07-22 09:45:08 | INFO     | models.fichier_excel | JeuDonnees créé : 170 lignes, 41 colonnes
2026-07-22 09:45:19 | INFO     | models.fichier_excel | Fichier chargé : google_sheet_1gv6LybO-87CA4SaXbI9TvBQyRnFVFBcV.csv (170 lignes, 41 colonnes)
2026-07-22 09:45:19 | INFO     | models.fichier_excel | JeuDonnees créé : 170 lignes, 41 colonnes
2026-07-22 09:45:21 | INFO     | models.fichier_excel | Fichier chargé : google_sheet_1gv6LybO-87CA4SaXbI9TvBQyRnFVFBcV.csv (170 lignes, 41 colonnes)
2026-07-22 09:45:21 | INFO     | models.fichier_excel | JeuDonnees créé : 170 lignes, 41 colonnes
2026-07-22 09:45:22 | INFO     | models.analyse_eda | EDA : 0 colonnes numériques analysées
2026-07-22 09:45:42 | INFO     | models.analyse_eda | EDA : 0 colonnes numériques analysées
2026-07-22 09:45:42 | INFO     | models.analyse_eda | EDA : 0 colonnes numériques analysées
2026-07-22 09:45:56 | INFO     | models.modele_ml | Labels d'utilité générés (règles génériques) : {'trop_vide': 6, 'doublon': 0, 'valeur_aberrante': 0, 'non_utile_total': 6, 'utile_total': 164}
2026-07-22 09:45:56 | INFO     | models.pretraitement | Doublons supprimés : 0
2026-07-22 09:45:56 | INFO     | models.pretraitement | Valeurs manquantes imputées : 217
2026-07-22 09:46:05 | INFO     | models.modele_ml | RandomForestClassifier entraîné : 200 arbres, 123 features
2026-07-22 09:46:05 | INFO     | models.rapport_evaluation | Évaluation : accuracy=0.953 precision=0.909 recall=0.953 f1=0.931
2026-07-22 09:47:17 | INFO     | models.tableau_maintenance | Export Excel du tableau de suivi des maintenances généré.
2026-07-22 09:49:14 | INFO     | models.tableau_maintenance | Export Excel du tableau de suivi des maintenances généré.
2026-07-22 09:49:16 | INFO     | models.analyse_eda | EDA : 0 colonnes numériques analysées
2026-07-22 09:49:31 | INFO     | models.tableau_maintenance | Export Excel du tableau de suivi des maintenances généré.
2026-07-22 09:50:21 | INFO     | models.tableau_maintenance | Export Excel du tableau de suivi des maintenances généré.
2026-07-22 10:46:29 | INFO     | models.tableau_maintenance | Export Excel du tableau de suivi des maintenances généré.
2026-07-22 10:51:05 | INFO     | models.pipeline_principal | Jeu de données créé depuis une saisie manuelle (Saisie manuelle) : 12 lignes, 4 colonnes
2026-07-22 10:53:01 | INFO     | models.pipeline_principal | Jeu de données créé depuis une saisie manuelle (Saisie manuelle) : 12 lignes, 4 colonnes
2026-07-22 10:53:12 | INFO     | models.analyse_eda | EDA : 3 colonnes numériques analysées
2026-07-22 10:53:19 | INFO     | models.tableau_maintenance | Export Excel du tableau de suivi des maintenances généré.
2026-07-22 10:53:29 | INFO     | models.fichier_excel | Fichier chargé : Thor - Corrective maintenance follow-up.xlsx (227 lignes, 12 colonnes)
2026-07-22 10:53:29 | INFO     | models.fichier_excel | JeuDonnees créé : 227 lignes, 12 colonnes
2026-07-22 10:54:06 | INFO     | models.fichier_excel | Fichier chargé : google_sheet_1gv6LybO-87CA4SaXbI9TvBQyRnFVFBcV.csv (170 lignes, 41 colonnes)
2026-07-22 10:54:06 | INFO     | models.fichier_excel | JeuDonnees créé : 170 lignes, 41 colonnes
2026-07-22 10:57:12 | INFO     | models.fichier_excel | Fichier chargé : google_sheet_1mITH3d5XR4j17_JGTZT1DPRufYe12M2UQX3Z9vOg8Oo.csv (227 lignes, 12 colonnes)
2026-07-22 10:57:12 | INFO     | models.fichier_excel | JeuDonnees créé : 227 lignes, 12 colonnes
2026-07-22 10:57:56 | INFO     | models.fichier_excel | Fichier chargé : google_sheet_1mITH3d5XR4j17_JGTZT1DPRufYe12M2UQX3Z9vOg8Oo.csv (227 lignes, 19 colonnes)
2026-07-22 10:57:56 | INFO     | models.fichier_excel | JeuDonnees créé : 227 lignes, 19 colonnes
2026-07-22 11:01:29 | INFO     | models.fichier_excel | Fichier chargé : google_sheet_1mITH3d5XR4j17_JGTZT1DPRufYe12M2UQX3Z9vOg8Oo.csv (15 lignes, 14 colonnes)
2026-07-22 11:01:29 | INFO     | models.fichier_excel | JeuDonnees créé : 15 lignes, 14 colonnes
2026-07-22 11:02:30 | INFO     | models.analyse_eda | EDA : 0 colonnes numériques analysées
2026-07-22 11:02:47 | INFO     | models.fichier_excel | Fichier chargé : Thor - Corrective maintenance follow-up.xlsx (227 lignes, 12 colonnes)
2026-07-22 11:02:47 | INFO     | models.fichier_excel | JeuDonnees créé : 227 lignes, 12 colonnes
2026-07-22 11:03:13 | INFO     | models.pipeline_principal | Jeu de données créé depuis une saisie manuelle (Saisie manuelle) : 12 lignes, 4 colonnes
2026-07-22 11:03:17 | INFO     | models.analyse_eda | EDA : 3 colonnes numériques analysées
2026-07-22 11:03:24 | INFO     | models.tableau_maintenance | Export Excel du tableau de suivi des maintenances généré.
2026-07-22 11:03:29 | INFO     | models.analyse_eda | EDA : 3 colonnes numériques analysées
2026-07-22 11:03:36 | INFO     | models.tableau_maintenance | Export Excel du tableau de suivi des maintenances généré.
2026-07-22 11:05:18 | INFO     | models.modele_ml | Labels d'utilité générés (règles génériques) : {'trop_vide': 0, 'doublon': 0, 'valeur_aberrante': 0, 'non_utile_total': 0, 'utile_total': 12}
2026-07-22 11:05:18 | INFO     | models.pretraitement | Doublons supprimés : 0
2026-07-22 11:05:18 | INFO     | models.pretraitement | Valeurs manquantes imputées : 0
2026-07-22 11:06:04 | INFO     | models.pipeline_principal | Jeu de données créé depuis une saisie manuelle (Saisie manuelle) : 12 lignes, 4 colonnes
2026-07-22 11:06:08 | INFO     | models.analyse_eda | EDA : 3 colonnes numériques analysées
2026-07-22 11:06:15 | INFO     | models.tableau_maintenance | Export Excel du tableau de suivi des maintenances généré.
2026-07-22 11:07:27 | INFO     | models.modele_ml | Labels d'utilité générés (règles génériques) : {'trop_vide': 0, 'doublon': 0, 'valeur_aberrante': 0, 'non_utile_total': 0, 'utile_total': 12}
2026-07-22 11:07:27 | INFO     | models.pretraitement | Doublons supprimés : 0
2026-07-22 11:07:27 | INFO     | models.pretraitement | Valeurs manquantes imputées : 0
2026-07-22 11:07:39 | INFO     | models.modele_ml | RandomForestClassifier entraîné : 200 arbres, 3 features
2026-07-22 11:07:39 | INFO     | models.rapport_evaluation | Évaluation : accuracy=1.000 precision=1.000 recall=1.000 f1=1.000
2026-07-22 11:08:16 | INFO     | models.pipeline_principal | Jeu de données créé depuis une saisie manuelle (Saisie manuelle) : 12 lignes, 4 colonnes
2026-07-22 11:08:19 | INFO     | models.analyse_eda | EDA : 3 colonnes numériques analysées
2026-07-22 11:08:26 | INFO     | models.tableau_maintenance | Export Excel du tableau de suivi des maintenances généré.
2026-07-22 11:14:07 | INFO     | models.tableau_maintenance | Export Excel du tableau de suivi des maintenances généré.
2026-07-22 11:14:40 | INFO     | models.modele_ml | Labels d'utilité générés (règles génériques) : {'trop_vide': 0, 'doublon': 0, 'valeur_aberrante': 0, 'non_utile_total': 0, 'utile_total': 12}
2026-07-22 11:14:40 | INFO     | models.pretraitement | Doublons supprimés : 0
2026-07-22 11:14:40 | INFO     | models.pretraitement | Valeurs manquantes imputées : 0
2026-07-22 11:14:46 | INFO     | models.modele_ml | RandomForestClassifier entraîné : 200 arbres, 3 features
2026-07-22 11:14:46 | INFO     | models.rapport_evaluation | Évaluation : accuracy=1.000 precision=1.000 recall=1.000 f1=1.000
2026-07-22 11:15:14 | INFO     | models.modele_ml | RandomForestClassifier entraîné : 200 arbres, 3 features
2026-07-22 11:15:14 | INFO     | models.rapport_evaluation | Évaluation : accuracy=1.000 precision=1.000 recall=1.000 f1=1.000
2026-07-22 11:16:52 | INFO     | models.tableau_maintenance | Export Excel du tableau de suivi des maintenances généré.
2026-07-22 12:31:52 | INFO     | models.tableau_maintenance | Export Excel du tableau de suivi des maintenances généré.
2026-07-22 12:32:06 | INFO     | models.tableau_maintenance | Export Excel du tableau de suivi des maintenances généré.
2026-07-22 12:47:56 | INFO     | models.fichier_excel | Fichier chargé : Thor - Corrective maintenance follow-up.xlsx (227 lignes, 12 colonnes)
2026-07-22 12:47:56 | INFO     | models.fichier_excel | JeuDonnees créé : 227 lignes, 12 colonnes
2026-07-22 12:48:19 | INFO     | models.analyse_eda | EDA : 2 colonnes numériques analysées
2026-07-22 12:53:42 | INFO     | models.analyse_eda | EDA : 2 colonnes numériques analysées
2026-07-22 12:53:53 | INFO     | models.analyse_eda | EDA : 2 colonnes numériques analysées
2026-07-22 12:54:01 | INFO     | models.analyse_eda | EDA : 2 colonnes numériques analysées
2026-07-22 12:54:35 | INFO     | models.fichier_excel | Fichier chargé : Thor - Corrective maintenance follow-up.xlsx (227 lignes, 12 colonnes)
2026-07-22 12:54:35 | INFO     | models.fichier_excel | JeuDonnees créé : 227 lignes, 12 colonnes
2026-07-22 12:54:39 | INFO     | models.analyse_eda | EDA : 2 colonnes numériques analysées
2026-07-22 12:57:10 | INFO     | models.fichier_excel | Fichier chargé : Thor - Corrective maintenance follow-up.xlsx (227 lignes, 12 colonnes)
2026-07-22 12:57:10 | INFO     | models.fichier_excel | JeuDonnees créé : 227 lignes, 12 colonnes
2026-07-22 12:57:36 | INFO     | models.fichier_excel | Fichier chargé : Thor - Corrective maintenance follow-up.xlsx (227 lignes, 12 colonnes)
2026-07-22 12:57:36 | INFO     | models.fichier_excel | JeuDonnees créé : 227 lignes, 12 colonnes
2026-07-22 13:40:51 | INFO     | models.analyse_eda | EDA : 2 colonnes numériques analysées
2026-07-22 13:48:43 | INFO     | models.fichier_excel | Fichier chargé : Thor - Corrective maintenance follow-up.xlsx (227 lignes, 12 colonnes)
2026-07-22 13:48:43 | INFO     | models.fichier_excel | JeuDonnees créé : 227 lignes, 12 colonnes
2026-07-22 13:49:24 | INFO     | models.fichier_excel | Fichier chargé : Thor - Corrective maintenance follow-up.xlsx (227 lignes, 12 colonnes)
2026-07-22 13:49:24 | INFO     | models.fichier_excel | JeuDonnees créé : 227 lignes, 12 colonnes
2026-07-22 13:54:50 | INFO     | models.analyse_eda | EDA : 2 colonnes numériques analysées
2026-07-22 13:55:01 | INFO     | models.modele_ml | Labels d'utilité générés (règles génériques) : {'trop_vide': 178, 'doublon': 177, 'valeur_aberrante': 2, 'non_utile_total': 180, 'utile_total': 47}
2026-07-22 13:55:01 | INFO     | models.pretraitement | Doublons supprimés : 177
2026-07-22 13:55:01 | INFO     | models.pretraitement | Valeurs manquantes imputées : 32
2026-07-22 14:39:53 | INFO     | models.fichier_excel | Fichier chargé : google_sheet_1gv6LybO-87CA4SaXbI9TvBQyRnFVFBcV.csv (170 lignes, 41 colonnes)
2026-07-22 14:39:53 | INFO     | models.fichier_excel | JeuDonnees créé : 170 lignes, 41 colonnes
2026-07-22 14:39:55 | INFO     | models.fichier_excel | Fichier chargé : google_sheet_1gv6LybO-87CA4SaXbI9TvBQyRnFVFBcV.csv (170 lignes, 41 colonnes)
2026-07-22 14:39:55 | INFO     | models.fichier_excel | JeuDonnees créé : 170 lignes, 41 colonnes
2026-07-22 14:40:09 | INFO     | models.fichier_excel | Fichier chargé : google_sheet_1gv6LybO-87CA4SaXbI9TvBQyRnFVFBcV.csv (170 lignes, 41 colonnes)
2026-07-22 14:40:09 | INFO     | models.fichier_excel | JeuDonnees créé : 170 lignes, 41 colonnes
2026-07-22 14:53:48 | INFO     | models.pipeline_principal | Jeu de données créé depuis une saisie manuelle (Saisie manuelle) : 12 lignes, 4 colonnes
2026-07-22 14:53:51 | INFO     | models.analyse_eda | EDA : 3 colonnes numériques analysées
2026-07-22 14:54:19 | INFO     | models.modele_ml | Labels d'utilité générés (règles génériques) : {'trop_vide': 0, 'doublon': 0, 'valeur_aberrante': 0, 'non_utile_total': 0, 'utile_total': 12}
2026-07-22 14:54:19 | INFO     | models.pretraitement | Doublons supprimés : 0
2026-07-22 14:54:19 | INFO     | models.pretraitement | Valeurs manquantes imputées : 0
2026-07-22 14:54:26 | INFO     | models.modele_ml | RandomForestClassifier entraîné : 200 arbres, 3 features
2026-07-22 14:54:26 | INFO     | models.rapport_evaluation | Évaluation : accuracy=1.000 precision=1.000 recall=1.000 f1=1.000
2026-07-22 15:09:58 | INFO     | models.fichier_excel | Fichier chargé : Machines_Test.xlsx (59 lignes, 5 colonnes)
2026-07-22 15:09:58 | INFO     | models.fichier_excel | JeuDonnees créé : 59 lignes, 5 colonnes
2026-07-22 15:10:20 | INFO     | models.analyse_eda | EDA : 2 colonnes numériques analysées
2026-07-22 15:10:41 | INFO     | models.modele_ml | Labels d'utilité générés (règles génériques) : {'trop_vide': 10, 'doublon': 4, 'valeur_aberrante': 0, 'non_utile_total': 11, 'utile_total': 48}
2026-07-22 15:10:41 | INFO     | models.pretraitement | Doublons supprimés : 4
2026-07-22 15:10:41 | INFO     | models.pretraitement | Valeurs manquantes imputées : 28
2026-07-22 15:10:49 | INFO     | models.modele_ml | RandomForestClassifier entraîné : 200 arbres, 10 features
2026-07-22 15:10:49 | INFO     | models.rapport_evaluation | Évaluation : accuracy=1.000 precision=1.000 recall=1.000 f1=1.000
2026-07-22 15:21:01 | INFO     | models.fichier_excel | Fichier chargé : Maintenance_Analyse.xlsx (50 lignes, 16 colonnes)
2026-07-22 15:21:01 | INFO     | models.fichier_excel | JeuDonnees créé : 50 lignes, 16 colonnes
2026-07-22 15:22:33 | INFO     | models.pipeline_principal | Jeu de données créé depuis une saisie manuelle (Saisie manuelle) : 12 lignes, 4 colonnes
2026-07-22 15:22:36 | INFO     | models.analyse_eda | EDA : 3 colonnes numériques analysées
2026-07-22 15:28:29 | INFO     | models.fichier_excel | Fichier chargé : Machines_Test.xlsx (59 lignes, 5 colonnes)
2026-07-22 15:28:29 | INFO     | models.fichier_excel | JeuDonnees créé : 59 lignes, 5 colonnes
2026-07-22 15:28:39 | INFO     | models.analyse_eda | EDA : 2 colonnes numériques analysées
2026-07-22 16:14:21 | INFO     | models.fichier_excel | Fichier chargé : google_sheet_1gv6LybO-87CA4SaXbI9TvBQyRnFVFBcV.csv (170 lignes, 41 colonnes)
2026-07-22 16:14:21 | INFO     | models.fichier_excel | JeuDonnees créé : 170 lignes, 41 colonnes
2026-07-22 16:14:33 | INFO     | models.fichier_excel | Fichier chargé : Machines_Test.xlsx (59 lignes, 5 colonnes)
2026-07-22 16:14:33 | INFO     | models.fichier_excel | JeuDonnees créé : 59 lignes, 5 colonnes
2026-07-22 16:14:39 | INFO     | models.analyse_eda | EDA : 2 colonnes numériques analysées
2026-07-22 16:25:40 | INFO     | models.fichier_excel | Fichier chargé : Maintenacne record & downtime 2025 Daily_Update.xlsx (198 lignes, 109 colonnes)
2026-07-22 16:25:40 | INFO     | models.fichier_excel | JeuDonnees créé : 198 lignes, 109 colonnes
2026-07-22 16:25:58 | INFO     | models.fichier_excel | Fichier chargé : Maintenacne record & downtime 2025 Daily_Update.xlsx (88 lignes, 163 colonnes)
2026-07-22 16:25:58 | INFO     | models.fichier_excel | JeuDonnees créé : 88 lignes, 163 colonnes
2026-07-22 16:26:31 | INFO     | models.fichier_excel | Fichier chargé : google_sheet_1gv6LybO-87CA4SaXbI9TvBQyRnFVFBcV.csv (170 lignes, 41 colonnes)
2026-07-22 16:26:31 | INFO     | models.fichier_excel | JeuDonnees créé : 170 lignes, 41 colonnes
2026-07-22 16:33:15 | INFO     | models.fichier_excel | Fichier chargé : Thor - Corrective maintenance follow-up.xlsx (0 lignes, 0 colonnes)
2026-07-22 16:33:15 | INFO     | models.fichier_excel | JeuDonnees créé : 0 lignes, 0 colonnes
2026-07-22 16:36:37 | INFO     | models.fichier_excel | Fichier chargé : Thor - Corrective maintenance follow-up.xlsx (0 lignes, 0 colonnes)
2026-07-22 16:36:37 | INFO     | models.fichier_excel | JeuDonnees créé : 0 lignes, 0 colonnes
2026-07-22 16:37:52 | INFO     | models.pipeline_principal | Jeu de données créé depuis une saisie manuelle (Saisie manuelle) : 12 lignes, 4 colonnes
2026-07-22 16:37:57 | INFO     | models.analyse_eda | EDA : 3 colonnes numériques analysées
2026-07-22 16:44:38 | INFO     | models.fichier_excel | Fichier chargé : Thor - Corrective maintenance follow-up.xlsx (0 lignes, 0 colonnes)
2026-07-22 16:44:38 | INFO     | models.fichier_excel | JeuDonnees créé : 0 lignes, 0 colonnes
2026-07-22 16:44:53 | INFO     | models.fichier_excel | Fichier chargé : Maintenacne record & downtime 2025 Daily_Update - Copy.xlsx (198 lignes, 109 colonnes)
2026-07-22 16:44:53 | INFO     | models.fichier_excel | JeuDonnees créé : 198 lignes, 109 colonnes
2026-07-22 16:45:08 | INFO     | models.analyse_eda | EDA : 56 colonnes numériques analysées
2026-07-22 16:48:23 | INFO     | models.fichier_excel | Fichier chargé : test.xlsx (198 lignes, 109 colonnes)
2026-07-22 16:51:59 | INFO     | models.fichier_excel | Fichier chargé : test.xlsx (198 lignes, 109 colonnes)
2026-07-22 16:52:16 | INFO     | models.fichier_excel | Fichier chargé : Machines_Test.xlsx (59 lignes, 5 colonnes)
2026-07-22 16:52:16 | INFO     | models.fichier_excel | JeuDonnees créé : 59 lignes, 5 colonnes
2026-07-22 16:52:16 | INFO     | models.analyse_eda | EDA : 2 colonnes numériques analysées
2026-07-22 16:52:16 | INFO     | models.modele_ml | Labels d'utilité générés (règles génériques) : {'trop_vide': 10, 'doublon': 4, 'valeur_aberrante': 0, 'non_utile_total': 11, 'utile_total': 48}
2026-07-22 16:52:16 | INFO     | models.pretraitement | Doublons supprimés : 4
2026-07-22 16:52:16 | INFO     | models.pretraitement | Valeurs manquantes imputées : 28
2026-07-22 16:52:17 | INFO     | models.modele_ml | RandomForestClassifier entraîné : 200 arbres, 10 features
2026-07-22 16:52:17 | INFO     | models.rapport_evaluation | Évaluation : accuracy=1.000 precision=1.000 recall=1.000 f1=1.000
2026-07-22 16:52:17 | INFO     | models.export_excel | Fichier nettoyé exporté : outputs\test_Machines_Test.xlsx (48 lignes utiles, 7 rejetées)
2026-07-22 16:52:17 | INFO     | models.fichier_excel | Fichier chargé : Machines_Test_Realiste.xlsx (92 lignes, 5 colonnes)
2026-07-22 16:52:17 | INFO     | models.fichier_excel | JeuDonnees créé : 92 lignes, 5 colonnes
2026-07-22 16:52:17 | INFO     | models.analyse_eda | EDA : 2 colonnes numériques analysées
2026-07-22 16:52:17 | INFO     | models.modele_ml | Labels d'utilité générés (règles génériques) : {'trop_vide': 12, 'doublon': 2, 'valeur_aberrante': 0, 'non_utile_total': 14, 'utile_total': 78}
2026-07-22 16:52:17 | INFO     | models.pretraitement | Doublons supprimés : 2
2026-07-22 16:52:17 | INFO     | models.pretraitement | Valeurs manquantes imputées : 48
2026-07-22 16:52:17 | INFO     | models.modele_ml | RandomForestClassifier entraîné : 200 arbres, 10 features
2026-07-22 16:52:17 | INFO     | models.rapport_evaluation | Évaluation : accuracy=0.957 precision=0.967 recall=0.957 f1=0.959
2026-07-22 16:52:17 | INFO     | models.export_excel | Fichier nettoyé exporté : outputs\test_Machines_Test_Realiste.xlsx (77 lignes utiles, 13 rejetées)
2026-07-22 16:52:17 | INFO     | models.fichier_excel | Fichier chargé : Machines_Test_Realiste_2.xlsx (157 lignes, 5 colonnes)
2026-07-22 16:52:17 | INFO     | models.fichier_excel | JeuDonnees créé : 157 lignes, 5 colonnes
2026-07-22 16:52:17 | INFO     | models.analyse_eda | EDA : 2 colonnes numériques analysées
2026-07-22 16:52:17 | INFO     | models.modele_ml | Labels d'utilité générés (règles génériques) : {'trop_vide': 22, 'doublon': 5, 'valeur_aberrante': 0, 'non_utile_total': 27, 'utile_total': 130}
2026-07-22 16:52:17 | INFO     | models.pretraitement | Doublons supprimés : 5
2026-07-22 16:52:17 | INFO     | models.pretraitement | Valeurs manquantes imputées : 77
2026-07-22 16:52:17 | INFO     | models.modele_ml | RandomForestClassifier entraîné : 200 arbres, 10 features
2026-07-22 16:52:17 | INFO     | models.rapport_evaluation | Évaluation : accuracy=1.000 precision=1.000 recall=1.000 f1=1.000
2026-07-22 16:52:17 | INFO     | models.export_excel | Fichier nettoyé exporté : outputs\test_Machines_Test_Realiste_2.xlsx (130 lignes utiles, 22 rejetées)
2026-07-22 16:52:17 | INFO     | models.fichier_excel | Fichier chargé : Machines_Test_NonOrganise.xlsx (72 lignes, 12 colonnes)
2026-07-22 16:52:17 | INFO     | models.fichier_excel | JeuDonnees créé : 72 lignes, 12 colonnes
2026-07-22 16:52:17 | INFO     | models.analyse_eda | EDA : 2 colonnes numériques analysées
2026-07-22 16:52:17 | INFO     | models.modele_ml | Labels d'utilité générés (règles génériques) : {'trop_vide': 1, 'doublon': 1, 'valeur_aberrante': 0, 'non_utile_total': 2, 'utile_total': 70}
2026-07-22 16:52:17 | INFO     | models.pretraitement | Doublons supprimés : 1
2026-07-22 16:52:17 | INFO     | models.pretraitement | Valeurs manquantes imputées : 142
2026-07-22 16:52:17 | INFO     | models.modele_ml | RandomForestClassifier entraîné : 200 arbres, 31 features
2026-07-22 16:52:17 | INFO     | models.rapport_evaluation | Évaluation : accuracy=1.000 precision=1.000 recall=1.000 f1=1.000
2026-07-22 16:52:18 | INFO     | models.export_excel | Fichier nettoyé exporté : outputs\test_Machines_Test_NonOrganise.xlsx (70 lignes utiles, 1 rejetées)
2026-07-22 16:52:47 | INFO     | models.fichier_excel | Fichier chargé : Maintenacne record & downtime 2025 Daily_Update - Copy.xlsx (198 lignes, 109 colonnes)
2026-07-22 16:52:47 | INFO     | models.fichier_excel | JeuDonnees créé : 198 lignes, 109 colonnes
2026-07-22 16:53:06 | INFO     | models.fichier_excel | Fichier chargé : Machines List.xlsx (114 lignes, 4 colonnes)
2026-07-22 16:53:06 | INFO     | models.fichier_excel | JeuDonnees créé : 114 lignes, 4 colonnes
2026-07-22 16:53:31 | INFO     | models.fichier_excel | Fichier chargé : google_sheet_1gv6LybO-87CA4SaXbI9TvBQyRnFVFBcV.csv (170 lignes, 41 colonnes)
2026-07-22 16:53:31 | INFO     | models.fichier_excel | JeuDonnees créé : 170 lignes, 41 colonnes
2026-07-22 16:53:50 | INFO     | models.analyse_eda | EDA : 0 colonnes numériques analysées
2026-07-22 16:54:10 | INFO     | models.fichier_excel | Fichier chargé : Maintenance_Analyse.xlsx (50 lignes, 16 colonnes)
2026-07-22 16:54:10 | INFO     | models.fichier_excel | JeuDonnees créé : 50 lignes, 16 colonnes
2026-07-22 16:54:20 | INFO     | models.analyse_eda | EDA : 6 colonnes numériques analysées
2026-07-22 17:02:56 | INFO     | models.fichier_excel | Fichier chargé : Machines_Test_Realiste_2.xlsx (157 lignes, 5 colonnes)
2026-07-22 17:02:56 | INFO     | models.fichier_excel | JeuDonnees créé : 157 lignes, 5 colonnes
2026-07-22 17:07:30 | INFO     | models.fichier_excel | Fichier chargé : Machines_Test_NonOrganise.xlsx (72 lignes, 12 colonnes)
2026-07-22 17:07:30 | INFO     | models.fichier_excel | JeuDonnees créé : 72 lignes, 12 colonnes
2026-07-22 17:09:57 | INFO     | models.analyse_eda | EDA : 6 colonnes numériques analysées
2026-07-22 17:13:33 | INFO     | models.fichier_excel | Fichier chargé : Maintenance_Analyse.xlsx (50 lignes, 16 colonnes)
2026-07-22 17:13:33 | INFO     | models.fichier_excel | JeuDonnees créé : 50 lignes, 16 colonnes
2026-07-22 17:15:08 | INFO     | models.analyse_eda | EDA : 6 colonnes numériques analysées
2026-07-22 17:18:49 | INFO     | models.fichier_excel | Fichier chargé : Machines_Test.xlsx (59 lignes, 5 colonnes)
2026-07-22 17:18:49 | INFO     | models.fichier_excel | JeuDonnees créé : 59 lignes, 5 colonnes
2026-07-22 17:19:25 | INFO     | models.analyse_eda | EDA : 2 colonnes numériques analysées
2026-07-22 17:25:26 | INFO     | models.modele_ml | Labels d'utilité générés (règles génériques) : {'trop_vide': 10, 'doublon': 4, 'valeur_aberrante': 0, 'non_utile_total': 11, 'utile_total': 48}
2026-07-22 17:25:26 | INFO     | models.pretraitement | Doublons supprimés : 4
2026-07-22 17:25:26 | INFO     | models.pretraitement | Valeurs manquantes imputées : 28
2026-07-22 17:40:17 | INFO     | models.fichier_excel | Fichier chargé : Machines_Test.xlsx (59 lignes, 5 colonnes)
2026-07-22 17:40:17 | INFO     | models.fichier_excel | JeuDonnees créé : 59 lignes, 5 colonnes
2026-07-22 17:41:36 | INFO     | models.analyse_eda | EDA : 2 colonnes numériques analysées
2026-07-22 17:43:19 | INFO     | models.modele_ml | Labels d'utilité générés (règles génériques) : {'trop_vide': 10, 'doublon': 4, 'valeur_aberrante': 0, 'non_utile_total': 11, 'utile_total': 48}
2026-07-22 17:43:19 | INFO     | models.pretraitement | Doublons supprimés : 4
2026-07-22 17:43:19 | INFO     | models.pretraitement | Valeurs manquantes imputées : 28
2026-07-23 18:51:06 | INFO     | models.fichier_excel | Fichier chargé : Machine Classification (2).xlsx (163 lignes, 5 colonnes)
2026-07-23 18:51:06 | INFO     | models.fichier_excel | JeuDonnees créé : 163 lignes, 5 colonnes
2026-07-23 18:51:59 | INFO     | models.fichier_excel | Fichier chargé : Maintenacne record & downtime 2025 Daily_Update - Copy.xlsx (210 lignes, 18 colonnes)
2026-07-23 18:51:59 | INFO     | models.fichier_excel | JeuDonnees créé : 210 lignes, 18 colonnes
2026-07-23 18:52:30 | INFO     | models.analyse_eda | EDA : 17 colonnes numériques analysées
2026-07-23 18:52:58 | INFO     | models.modele_ml | Labels d'utilité générés (règles génériques) : {'trop_vide': 25, 'doublon': 0, 'valeur_aberrante': 26, 'non_utile_total': 51, 'utile_total': 159}
2026-07-23 18:52:58 | INFO     | models.pretraitement | Doublons supprimés : 0
2026-07-23 18:52:58 | INFO     | models.pretraitement | Valeurs manquantes imputées : 370
2026-07-23 18:53:17 | INFO     | models.modele_ml | RandomForestClassifier entraîné : 200 arbres, 20 features
2026-07-23 18:53:17 | INFO     | models.rapport_evaluation | Évaluation : accuracy=1.000 precision=1.000 recall=1.000 f1=1.000
2026-07-23 18:53:23 | INFO     | models.modele_ml | LogisticRegression entraîné : 20 features
2026-07-23 18:53:23 | INFO     | models.rapport_evaluation | Évaluation : accuracy=0.849 precision=0.843 recall=0.849 f1=0.839
2026-07-23 18:54:01 | INFO     | models.fichier_excel | Fichier chargé : Thor - Corrective maintenance follow-up - Copy.xlsx (27 lignes, 20 colonnes)
2026-07-23 18:54:01 | INFO     | models.fichier_excel | JeuDonnees créé : 27 lignes, 20 colonnes
2026-07-23 18:54:17 | INFO     | models.analyse_eda | EDA : 0 colonnes numériques analysées
2026-07-23 18:54:58 | INFO     | models.modele_ml | Labels d'utilité générés (règles génériques) : {'trop_vide': 22, 'doublon': 0, 'valeur_aberrante': 0, 'non_utile_total': 22, 'utile_total': 5}
2026-07-23 18:54:58 | INFO     | models.pretraitement | Doublons supprimés : 0
2026-07-23 18:54:58 | INFO     | models.pretraitement | Valeurs manquantes imputées : 416
2026-07-23 18:55:17 | INFO     | models.modele_ml | RandomForestClassifier entraîné : 200 arbres, 10 features
2026-07-23 18:55:17 | INFO     | models.rapport_evaluation | Évaluation : accuracy=0.857 precision=0.735 recall=0.857 f1=0.791
2026-07-23 18:55:30 | INFO     | models.fichier_excel | Fichier chargé : test.xlsx (198 lignes, 109 colonnes)
2026-07-23 18:56:39 | INFO     | models.fichier_excel | Fichier chargé : test.xlsx (198 lignes, 109 colonnes)
2026-07-23 18:57:59 | INFO     | models.fichier_excel | Fichier chargé : test.xlsx (198 lignes, 109 colonnes)
2026-07-23 18:58:21 | INFO     | models.fichier_excel | Fichier chargé : Machines_Test.xlsx (59 lignes, 5 colonnes)
2026-07-23 18:58:21 | INFO     | models.fichier_excel | JeuDonnees créé : 59 lignes, 5 colonnes
2026-07-23 18:58:21 | INFO     | models.analyse_eda | EDA : 2 colonnes numériques analysées
2026-07-23 18:58:21 | INFO     | models.modele_ml | Labels d'utilité générés (règles génériques) : {'trop_vide': 10, 'doublon': 4, 'valeur_aberrante': 0, 'non_utile_total': 11, 'utile_total': 48}
2026-07-23 18:58:21 | INFO     | models.pretraitement | Doublons supprimés : 4
2026-07-23 18:58:21 | INFO     | models.pretraitement | Valeurs manquantes imputées : 28
2026-07-23 18:58:21 | INFO     | models.modele_ml | RandomForestClassifier entraîné : 200 arbres, 10 features
2026-07-23 18:58:22 | INFO     | models.rapport_evaluation | Évaluation : accuracy=1.000 precision=1.000 recall=1.000 f1=1.000
2026-07-23 18:58:22 | INFO     | models.export_excel | Fichier nettoyé exporté : outputs\test_Machines_Test.xlsx (48 lignes utiles, 7 rejetées)
2026-07-23 18:58:22 | INFO     | models.fichier_excel | Fichier chargé : Machines_Test_Realiste.xlsx (92 lignes, 5 colonnes)
2026-07-23 18:58:22 | INFO     | models.fichier_excel | JeuDonnees créé : 92 lignes, 5 colonnes
2026-07-23 18:58:22 | INFO     | models.analyse_eda | EDA : 2 colonnes numériques analysées
2026-07-23 18:58:22 | INFO     | models.modele_ml | Labels d'utilité générés (règles génériques) : {'trop_vide': 12, 'doublon': 2, 'valeur_aberrante': 0, 'non_utile_total': 14, 'utile_total': 78}
2026-07-23 18:58:22 | INFO     | models.pretraitement | Doublons supprimés : 2
2026-07-23 18:58:22 | INFO     | models.pretraitement | Valeurs manquantes imputées : 48
2026-07-23 18:58:22 | INFO     | models.modele_ml | RandomForestClassifier entraîné : 200 arbres, 10 features
2026-07-23 18:58:22 | INFO     | models.rapport_evaluation | Évaluation : accuracy=0.957 precision=0.967 recall=0.957 f1=0.959
2026-07-23 18:58:22 | INFO     | models.export_excel | Fichier nettoyé exporté : outputs\test_Machines_Test_Realiste.xlsx (77 lignes utiles, 13 rejetées)
2026-07-23 18:58:22 | INFO     | models.fichier_excel | Fichier chargé : Machines_Test_Realiste_2.xlsx (157 lignes, 5 colonnes)
2026-07-23 18:58:22 | INFO     | models.fichier_excel | JeuDonnees créé : 157 lignes, 5 colonnes
2026-07-23 18:58:22 | INFO     | models.analyse_eda | EDA : 2 colonnes numériques analysées
2026-07-23 18:58:22 | INFO     | models.modele_ml | Labels d'utilité générés (règles génériques) : {'trop_vide': 22, 'doublon': 5, 'valeur_aberrante': 0, 'non_utile_total': 27, 'utile_total': 130}
2026-07-23 18:58:22 | INFO     | models.pretraitement | Doublons supprimés : 5
2026-07-23 18:58:22 | INFO     | models.pretraitement | Valeurs manquantes imputées : 77
2026-07-23 18:58:23 | INFO     | models.modele_ml | RandomForestClassifier entraîné : 200 arbres, 10 features
2026-07-23 18:58:23 | INFO     | models.rapport_evaluation | Évaluation : accuracy=1.000 precision=1.000 recall=1.000 f1=1.000
2026-07-23 18:58:23 | INFO     | models.export_excel | Fichier nettoyé exporté : outputs\test_Machines_Test_Realiste_2.xlsx (130 lignes utiles, 22 rejetées)
2026-07-23 18:58:23 | INFO     | models.fichier_excel | Fichier chargé : Machines_Test_NonOrganise.xlsx (72 lignes, 12 colonnes)
2026-07-23 18:58:23 | INFO     | models.fichier_excel | JeuDonnees créé : 72 lignes, 12 colonnes
2026-07-23 18:58:23 | INFO     | models.analyse_eda | EDA : 2 colonnes numériques analysées
2026-07-23 18:58:23 | INFO     | models.modele_ml | Labels d'utilité générés (règles génériques) : {'trop_vide': 1, 'doublon': 1, 'valeur_aberrante': 0, 'non_utile_total': 2, 'utile_total': 70}
2026-07-23 18:58:23 | INFO     | models.pretraitement | Doublons supprimés : 1
2026-07-23 18:58:23 | INFO     | models.pretraitement | Valeurs manquantes imputées : 142
2026-07-23 18:58:23 | INFO     | models.modele_ml | RandomForestClassifier entraîné : 200 arbres, 31 features
2026-07-23 18:58:23 | INFO     | models.rapport_evaluation | Évaluation : accuracy=1.000 precision=1.000 recall=1.000 f1=1.000
2026-07-23 18:58:23 | INFO     | models.export_excel | Fichier nettoyé exporté : outputs\test_Machines_Test_NonOrganise.xlsx (70 lignes utiles, 1 rejetées)
2026-07-23 18:59:27 | INFO     | models.fichier_excel | Fichier chargé : Thor - Corrective maintenance follow-up - Copy.xlsx (27 lignes, 20 colonnes)
2026-07-23 18:59:27 | INFO     | models.fichier_excel | JeuDonnees créé : 27 lignes, 20 colonnes
2026-07-23 19:01:10 | INFO     | models.analyse_eda | EDA : 0 colonnes numériques analysées
2026-07-23 19:03:53 | INFO     | models.fichier_excel | Fichier chargé : test.xlsx (83 lignes, 725 colonnes)
2026-07-23 19:03:54 | INFO     | models.fichier_excel | Fichier chargé : test.xlsx (78 lignes, 726 colonnes)
2026-07-23 19:03:55 | INFO     | models.fichier_excel | Fichier chargé : test.xlsx (191 lignes, 109 colonnes)
2026-07-23 19:03:57 | INFO     | models.fichier_excel | Fichier chargé : test.xlsx (143 lignes, 725 colonnes)
2026-07-23 19:04:48 | INFO     | models.fichier_excel | Fichier chargé : Thor.xlsx (27 lignes, 20 colonnes)
2026-07-23 19:05:16 | INFO     | models.fichier_excel | Fichier chargé : Thor.xlsx (27 lignes, 20 colonnes)
2026-07-23 19:05:38 | INFO     | models.fichier_excel | Fichier chargé : Thor.xlsx (0 lignes, 0 colonnes)
2026-07-23 19:05:38 | INFO     | models.fichier_excel | Fichier chargé : Thor.xlsx (59 lignes, 5 colonnes)
2026-07-23 19:05:52 | INFO     | models.fichier_excel | Fichier chargé : Thor.xlsx (59 lignes, 5 colonnes)
2026-07-23 19:07:01 | INFO     | models.fichier_excel | Fichier chargé : Thor - Corrective maintenance follow-up.xlsx (0 lignes, 0 colonnes)
2026-07-23 19:07:01 | INFO     | models.fichier_excel | JeuDonnees créé : 0 lignes, 0 colonnes
2026-07-23 19:07:08 | INFO     | models.fichier_excel | Fichier chargé : Thor - Corrective maintenance follow-up.xlsx (59 lignes, 5 colonnes)
2026-07-23 19:07:08 | INFO     | models.fichier_excel | JeuDonnees créé : 59 lignes, 5 colonnes
2026-07-23 19:07:13 | INFO     | models.fichier_excel | Fichier chargé : Thor - Corrective maintenance follow-up.xlsx (27 lignes, 20 colonnes)
2026-07-23 19:07:13 | INFO     | models.fichier_excel | JeuDonnees créé : 27 lignes, 20 colonnes
2026-07-23 19:07:24 | INFO     | models.analyse_eda | EDA : 0 colonnes numériques analysées
2026-07-23 19:11:00 | INFO     | models.fichier_excel | Fichier chargé : Thor.xlsx (53 lignes, 3 colonnes)
2026-07-23 19:12:04 | INFO     | models.fichier_excel | Fichier chargé : Thor.xlsx (42 lignes, 3 colonnes)
2026-07-23 19:12:04 | INFO     | models.fichier_excel | JeuDonnees créé : 42 lignes, 3 colonnes
2026-07-23 19:12:50 | INFO     | models.fichier_excel | Fichier chargé : Machines_Test.xlsx (59 lignes, 5 colonnes)
2026-07-23 19:12:50 | INFO     | models.fichier_excel | JeuDonnees créé : 59 lignes, 5 colonnes
2026-07-23 19:12:50 | INFO     | models.analyse_eda | EDA : 2 colonnes numériques analysées
2026-07-23 19:12:50 | INFO     | models.modele_ml | Labels d'utilité générés (règles génériques) : {'trop_vide': 10, 'doublon': 4, 'valeur_aberrante': 0, 'non_utile_total': 11, 'utile_total': 48}
2026-07-23 19:12:50 | INFO     | models.pretraitement | Doublons supprimés : 4
2026-07-23 19:12:50 | INFO     | models.pretraitement | Valeurs manquantes imputées : 28
2026-07-23 19:12:51 | INFO     | models.modele_ml | RandomForestClassifier entraîné : 200 arbres, 10 features
2026-07-23 19:12:51 | INFO     | models.rapport_evaluation | Évaluation : accuracy=1.000 precision=1.000 recall=1.000 f1=1.000
2026-07-23 19:12:51 | INFO     | models.export_excel | Fichier nettoyé exporté : outputs\test_Machines_Test.xlsx (48 lignes utiles, 7 rejetées)
2026-07-23 19:12:51 | INFO     | models.fichier_excel | Fichier chargé : Machines_Test_Realiste.xlsx (92 lignes, 5 colonnes)
2026-07-23 19:12:51 | INFO     | models.fichier_excel | JeuDonnees créé : 92 lignes, 5 colonnes
2026-07-23 19:12:51 | INFO     | models.analyse_eda | EDA : 2 colonnes numériques analysées
2026-07-23 19:12:51 | INFO     | models.modele_ml | Labels d'utilité générés (règles génériques) : {'trop_vide': 12, 'doublon': 2, 'valeur_aberrante': 0, 'non_utile_total': 14, 'utile_total': 78}
2026-07-23 19:12:51 | INFO     | models.pretraitement | Doublons supprimés : 2
2026-07-23 19:12:51 | INFO     | models.pretraitement | Valeurs manquantes imputées : 48
2026-07-23 19:12:52 | INFO     | models.modele_ml | RandomForestClassifier entraîné : 200 arbres, 10 features
2026-07-23 19:12:52 | INFO     | models.rapport_evaluation | Évaluation : accuracy=0.957 precision=0.967 recall=0.957 f1=0.959
2026-07-23 19:12:52 | INFO     | models.export_excel | Fichier nettoyé exporté : outputs\test_Machines_Test_Realiste.xlsx (77 lignes utiles, 13 rejetées)
2026-07-23 19:12:52 | INFO     | models.fichier_excel | Fichier chargé : Machines_Test_Realiste_2.xlsx (157 lignes, 5 colonnes)
2026-07-23 19:12:52 | INFO     | models.fichier_excel | JeuDonnees créé : 157 lignes, 5 colonnes
2026-07-23 19:12:52 | INFO     | models.analyse_eda | EDA : 2 colonnes numériques analysées
2026-07-23 19:12:52 | INFO     | models.modele_ml | Labels d'utilité générés (règles génériques) : {'trop_vide': 22, 'doublon': 5, 'valeur_aberrante': 0, 'non_utile_total': 27, 'utile_total': 130}
2026-07-23 19:12:52 | INFO     | models.pretraitement | Doublons supprimés : 5
2026-07-23 19:12:52 | INFO     | models.pretraitement | Valeurs manquantes imputées : 77
2026-07-23 19:12:52 | INFO     | models.modele_ml | RandomForestClassifier entraîné : 200 arbres, 10 features
2026-07-23 19:12:52 | INFO     | models.rapport_evaluation | Évaluation : accuracy=1.000 precision=1.000 recall=1.000 f1=1.000
2026-07-23 19:12:52 | INFO     | models.export_excel | Fichier nettoyé exporté : outputs\test_Machines_Test_Realiste_2.xlsx (130 lignes utiles, 22 rejetées)
2026-07-23 19:12:52 | INFO     | models.fichier_excel | Fichier chargé : Machines_Test_NonOrganise.xlsx (72 lignes, 12 colonnes)
2026-07-23 19:12:52 | INFO     | models.fichier_excel | JeuDonnees créé : 72 lignes, 12 colonnes
2026-07-23 19:12:52 | INFO     | models.analyse_eda | EDA : 2 colonnes numériques analysées
2026-07-23 19:12:52 | INFO     | models.modele_ml | Labels d'utilité générés (règles génériques) : {'trop_vide': 1, 'doublon': 1, 'valeur_aberrante': 0, 'non_utile_total': 2, 'utile_total': 70}
2026-07-23 19:12:52 | INFO     | models.pretraitement | Doublons supprimés : 1
2026-07-23 19:12:52 | INFO     | models.pretraitement | Valeurs manquantes imputées : 142
2026-07-23 19:12:53 | INFO     | models.modele_ml | RandomForestClassifier entraîné : 200 arbres, 31 features
2026-07-23 19:12:53 | INFO     | models.rapport_evaluation | Évaluation : accuracy=1.000 precision=1.000 recall=1.000 f1=1.000
2026-07-23 19:12:53 | INFO     | models.export_excel | Fichier nettoyé exporté : outputs\test_Machines_Test_NonOrganise.xlsx (70 lignes utiles, 1 rejetées)
2026-07-23 19:13:54 | INFO     | models.fichier_excel | Fichier chargé : Thor - Corrective maintenance follow-up.xlsx (0 lignes, 0 colonnes)
2026-07-23 19:13:54 | INFO     | models.fichier_excel | JeuDonnees créé : 0 lignes, 0 colonnes
2026-07-23 19:13:59 | INFO     | models.fichier_excel | Fichier chargé : Thor - Corrective maintenance follow-up.xlsx (42 lignes, 3 colonnes)
2026-07-23 19:13:59 | INFO     | models.fichier_excel | JeuDonnees créé : 42 lignes, 3 colonnes
2026-07-23 19:14:06 | INFO     | models.analyse_eda | EDA : 2 colonnes numériques analysées
2026-07-23 19:16:27 | INFO     | models.fichier_excel | Fichier chargé : Thor - Corrective maintenance follow-up.xlsx (0 lignes, 0 colonnes)
2026-07-23 19:16:27 | INFO     | models.fichier_excel | JeuDonnees créé : 0 lignes, 0 colonnes
2026-07-23 19:16:30 | INFO     | models.fichier_excel | Fichier chargé : Thor - Corrective maintenance follow-up.xlsx (8 lignes, 1 colonnes)
2026-07-23 19:16:30 | INFO     | models.fichier_excel | JeuDonnees créé : 8 lignes, 1 colonnes
2026-07-23 19:16:34 | INFO     | models.fichier_excel | Fichier chargé : Thor - Corrective maintenance follow-up.xlsx (42 lignes, 3 colonnes)
2026-07-23 19:16:34 | INFO     | models.fichier_excel | JeuDonnees créé : 42 lignes, 3 colonnes
2026-07-23 19:16:41 | INFO     | models.analyse_eda | EDA : 2 colonnes numériques analysées
2026-07-23 19:17:13 | INFO     | models.modele_ml | Labels d'utilité générés (règles génériques) : {'trop_vide': 0, 'doublon': 0, 'valeur_aberrante': 4, 'non_utile_total': 4, 'utile_total': 38}
2026-07-23 19:17:13 | INFO     | models.pretraitement | Doublons supprimés : 0
2026-07-23 19:17:13 | INFO     | models.pretraitement | Valeurs manquantes imputées : 1
2026-07-23 19:17:28 | INFO     | models.fichier_excel | Fichier chargé : Thor.xlsx (42 lignes, 3 colonnes)
2026-07-23 19:17:28 | INFO     | models.fichier_excel | JeuDonnees créé : 42 lignes, 3 colonnes
2026-07-23 19:18:00 | INFO     | models.fichier_excel | Fichier chargé : Thor.xlsx (42 lignes, 3 colonnes)
2026-07-23 19:18:00 | INFO     | models.fichier_excel | JeuDonnees créé : 42 lignes, 3 colonnes
2026-07-23 19:18:00 | INFO     | models.analyse_eda | EDA : 2 colonnes numériques analysées
2026-07-23 19:19:23 | INFO     | models.fichier_excel | Fichier chargé : Thor.xlsx (42 lignes, 3 colonnes)
2026-07-23 19:19:23 | INFO     | models.fichier_excel | JeuDonnees créé : 42 lignes, 3 colonnes
2026-07-23 19:19:23 | INFO     | models.analyse_eda | EDA : 2 colonnes numériques analysées
2026-07-23 19:19:44 | INFO     | models.fichier_excel | Fichier chargé : t.xlsx (72 lignes, 12 colonnes)
2026-07-23 19:19:44 | INFO     | models.fichier_excel | JeuDonnees créé : 72 lignes, 12 colonnes
2026-07-23 19:19:49 | INFO     | models.fichier_excel | Fichier chargé : Machines_Test.xlsx (59 lignes, 5 colonnes)
2026-07-23 19:19:49 | INFO     | models.fichier_excel | JeuDonnees créé : 59 lignes, 5 colonnes
2026-07-23 19:19:49 | INFO     | models.analyse_eda | EDA : 2 colonnes numériques analysées
2026-07-23 19:19:49 | INFO     | models.modele_ml | Labels d'utilité générés (règles génériques) : {'trop_vide': 10, 'doublon': 4, 'valeur_aberrante': 0, 'non_utile_total': 11, 'utile_total': 48}
2026-07-23 19:19:49 | INFO     | models.pretraitement | Doublons supprimés : 4
2026-07-23 19:19:49 | INFO     | models.pretraitement | Valeurs manquantes imputées : 28
2026-07-23 19:19:49 | INFO     | models.modele_ml | RandomForestClassifier entraîné : 200 arbres, 10 features
2026-07-23 19:19:49 | INFO     | models.rapport_evaluation | Évaluation : accuracy=1.000 precision=1.000 recall=1.000 f1=1.000
2026-07-23 19:19:50 | INFO     | models.export_excel | Fichier nettoyé exporté : outputs\test_Machines_Test.xlsx (48 lignes utiles, 7 rejetées)
2026-07-23 19:19:50 | INFO     | models.fichier_excel | Fichier chargé : Machines_Test_Realiste.xlsx (92 lignes, 5 colonnes)
2026-07-23 19:19:50 | INFO     | models.fichier_excel | JeuDonnees créé : 92 lignes, 5 colonnes
2026-07-23 19:19:50 | INFO     | models.analyse_eda | EDA : 2 colonnes numériques analysées
2026-07-23 19:19:50 | INFO     | models.modele_ml | Labels d'utilité générés (règles génériques) : {'trop_vide': 12, 'doublon': 2, 'valeur_aberrante': 0, 'non_utile_total': 14, 'utile_total': 78}
2026-07-23 19:19:50 | INFO     | models.pretraitement | Doublons supprimés : 2
2026-07-23 19:19:50 | INFO     | models.pretraitement | Valeurs manquantes imputées : 48
2026-07-23 19:19:50 | INFO     | models.modele_ml | RandomForestClassifier entraîné : 200 arbres, 10 features
2026-07-23 19:19:50 | INFO     | models.rapport_evaluation | Évaluation : accuracy=0.957 precision=0.967 recall=0.957 f1=0.959
2026-07-23 19:19:50 | INFO     | models.export_excel | Fichier nettoyé exporté : outputs\test_Machines_Test_Realiste.xlsx (77 lignes utiles, 13 rejetées)
2026-07-23 19:19:50 | INFO     | models.fichier_excel | Fichier chargé : Machines_Test_Realiste_2.xlsx (157 lignes, 5 colonnes)
2026-07-23 19:19:50 | INFO     | models.fichier_excel | JeuDonnees créé : 157 lignes, 5 colonnes
2026-07-23 19:19:50 | INFO     | models.analyse_eda | EDA : 2 colonnes numériques analysées
2026-07-23 19:19:50 | INFO     | models.modele_ml | Labels d'utilité générés (règles génériques) : {'trop_vide': 22, 'doublon': 5, 'valeur_aberrante': 0, 'non_utile_total': 27, 'utile_total': 130}
2026-07-23 19:19:50 | INFO     | models.pretraitement | Doublons supprimés : 5
2026-07-23 19:19:50 | INFO     | models.pretraitement | Valeurs manquantes imputées : 77
2026-07-23 19:19:51 | INFO     | models.modele_ml | RandomForestClassifier entraîné : 200 arbres, 10 features
2026-07-23 19:19:51 | INFO     | models.rapport_evaluation | Évaluation : accuracy=1.000 precision=1.000 recall=1.000 f1=1.000
2026-07-23 19:19:51 | INFO     | models.export_excel | Fichier nettoyé exporté : outputs\test_Machines_Test_Realiste_2.xlsx (130 lignes utiles, 22 rejetées)
2026-07-23 19:19:51 | INFO     | models.fichier_excel | Fichier chargé : Machines_Test_NonOrganise.xlsx (72 lignes, 12 colonnes)
2026-07-23 19:19:51 | INFO     | models.fichier_excel | JeuDonnees créé : 72 lignes, 12 colonnes
2026-07-23 19:19:51 | INFO     | models.analyse_eda | EDA : 2 colonnes numériques analysées
2026-07-23 19:19:51 | INFO     | models.modele_ml | Labels d'utilité générés (règles génériques) : {'trop_vide': 1, 'doublon': 1, 'valeur_aberrante': 0, 'non_utile_total': 2, 'utile_total': 70}
2026-07-23 19:19:51 | INFO     | models.pretraitement | Doublons supprimés : 1
2026-07-23 19:19:51 | INFO     | models.pretraitement | Valeurs manquantes imputées : 142
2026-07-23 19:19:52 | INFO     | models.modele_ml | RandomForestClassifier entraîné : 200 arbres, 31 features
2026-07-23 19:19:52 | INFO     | models.rapport_evaluation | Évaluation : accuracy=1.000 precision=1.000 recall=1.000 f1=1.000
2026-07-23 19:19:52 | INFO     | models.export_excel | Fichier nettoyé exporté : outputs\test_Machines_Test_NonOrganise.xlsx (70 lignes utiles, 1 rejetées)
2026-07-23 19:20:16 | INFO     | models.fichier_excel | Fichier chargé : t.xlsx (72 lignes, 12 colonnes)
2026-07-23 19:20:16 | INFO     | models.fichier_excel | JeuDonnees créé : 72 lignes, 12 colonnes
2026-07-23 19:21:26 | INFO     | models.fichier_excel | Fichier chargé : Thor - Corrective maintenance follow-up.xlsx (0 lignes, 0 colonnes)
2026-07-23 19:21:26 | INFO     | models.fichier_excel | JeuDonnees créé : 0 lignes, 0 colonnes
2026-07-23 19:21:38 | INFO     | models.fichier_excel | Fichier chargé : Thor - Corrective maintenance follow-up.xlsx (42 lignes, 3 colonnes)
2026-07-23 19:21:38 | INFO     | models.fichier_excel | JeuDonnees créé : 42 lignes, 3 colonnes
2026-07-23 19:21:41 | INFO     | models.analyse_eda | EDA : 2 colonnes numériques analysées
2026-07-23 19:23:10 | INFO     | models.modele_ml | Labels d'utilité générés (règles génériques) : {'trop_vide': 0, 'doublon': 0, 'valeur_aberrante': 4, 'non_utile_total': 4, 'utile_total': 38}
2026-07-23 19:23:10 | INFO     | models.pretraitement | Doublons supprimés : 0
2026-07-23 19:23:10 | INFO     | models.pretraitement | Valeurs manquantes imputées : 1
2026-07-23 19:23:15 | INFO     | models.modele_ml | Labels d'utilité générés (règles génériques) : {'trop_vide': 0, 'doublon': 0, 'valeur_aberrante': 4, 'non_utile_total': 4, 'utile_total': 38}
2026-07-23 19:23:15 | INFO     | models.pretraitement | Doublons supprimés : 0
2026-07-23 19:23:15 | INFO     | models.pretraitement | Valeurs manquantes imputées : 1
2026-07-23 19:23:26 | INFO     | models.modele_ml | RandomForestClassifier entraîné : 200 arbres, 2 features
2026-07-23 19:23:26 | INFO     | models.rapport_evaluation | Évaluation : accuracy=1.000 precision=1.000 recall=1.000 f1=1.000
2026-07-23 19:23:32 | INFO     | models.modele_ml | LogisticRegression entraîné : 2 features
2026-07-23 19:23:32 | INFO     | models.rapport_evaluation | Évaluation : accuracy=0.909 precision=0.826 recall=0.909 f1=0.866
2026-07-23 19:23:49 | INFO     | models.fichier_excel | Fichier chargé : Thor - Corrective maintenance follow-up.xlsx (0 lignes, 0 colonnes)
2026-07-23 19:23:49 | INFO     | models.fichier_excel | JeuDonnees créé : 0 lignes, 0 colonnes
2026-07-23 19:23:58 | INFO     | models.fichier_excel | Fichier chargé : Thor - Corrective maintenance follow-up.xlsx (27 lignes, 20 colonnes)
2026-07-23 19:23:58 | INFO     | models.fichier_excel | JeuDonnees créé : 27 lignes, 20 colonnes
2026-07-23 19:24:11 | INFO     | models.analyse_eda | EDA : 0 colonnes numériques analysées
2026-07-23 19:24:26 | INFO     | models.fichier_excel | Fichier chargé : Thor - Corrective maintenance follow-up.xlsx (0 lignes, 0 colonnes)
2026-07-23 19:24:26 | INFO     | models.fichier_excel | JeuDonnees créé : 0 lignes, 0 colonnes
2026-07-23 19:24:34 | INFO     | models.fichier_excel | Fichier chargé : Thor - Corrective maintenance follow-up.xlsx (27 lignes, 20 colonnes)
2026-07-23 19:24:34 | INFO     | models.fichier_excel | JeuDonnees créé : 27 lignes, 20 colonnes
2026-07-23 19:24:41 | INFO     | models.analyse_eda | EDA : 0 colonnes numériques analysées
2026-07-23 19:24:46 | INFO     | models.fichier_excel | Fichier chargé : Thor - Corrective maintenance follow-up.xlsx (0 lignes, 0 colonnes)
2026-07-23 19:24:46 | INFO     | models.fichier_excel | JeuDonnees créé : 0 lignes, 0 colonnes
2026-07-23 19:24:50 | INFO     | models.fichier_excel | Fichier chargé : Thor - Corrective maintenance follow-up.xlsx (8 lignes, 1 colonnes)
2026-07-23 19:24:50 | INFO     | models.fichier_excel | JeuDonnees créé : 8 lignes, 1 colonnes
2026-07-23 19:24:54 | INFO     | models.fichier_excel | Fichier chargé : Thor - Corrective maintenance follow-up.xlsx (42 lignes, 3 colonnes)
2026-07-23 19:24:54 | INFO     | models.fichier_excel | JeuDonnees créé : 42 lignes, 3 colonnes
2026-07-23 19:25:01 | INFO     | models.analyse_eda | EDA : 2 colonnes numériques analysées
2026-07-23 19:25:27 | INFO     | models.modele_ml | Labels d'utilité générés (règles génériques) : {'trop_vide': 0, 'doublon': 0, 'valeur_aberrante': 4, 'non_utile_total': 4, 'utile_total': 38}
2026-07-23 19:25:27 | INFO     | models.pretraitement | Doublons supprimés : 0
2026-07-23 19:25:27 | INFO     | models.pretraitement | Valeurs manquantes imputées : 1
2026-07-23 19:25:39 | INFO     | models.modele_ml | RandomForestClassifier entraîné : 200 arbres, 2 features
2026-07-23 19:25:39 | INFO     | models.rapport_evaluation | Évaluation : accuracy=1.000 precision=1.000 recall=1.000 f1=1.000
2026-07-23 19:25:43 | INFO     | models.modele_ml | SVC entraîné : noyau=rbf, 2 features
2026-07-23 19:25:43 | INFO     | models.rapport_evaluation | Évaluation : accuracy=1.000 precision=1.000 recall=1.000 f1=1.000
2026-07-23 19:25:44 | INFO     | models.modele_ml | SVC entraîné : noyau=rbf, 2 features
2026-07-23 19:25:44 | INFO     | models.rapport_evaluation | Évaluation : accuracy=1.000 precision=1.000 recall=1.000 f1=1.000
2026-07-23 19:25:51 | INFO     | models.modele_ml | GradientBoostingClassifier entraîné : 150 arbres, 2 features
2026-07-23 19:25:51 | INFO     | models.rapport_evaluation | Évaluation : accuracy=1.000 precision=1.000 recall=1.000 f1=1.000
2026-07-23 19:25:59 | INFO     | models.fichier_excel | Fichier chargé : Thor - Corrective maintenance follow-up.xlsx (0 lignes, 0 colonnes)
2026-07-23 19:25:59 | INFO     | models.fichier_excel | JeuDonnees créé : 0 lignes, 0 colonnes
2026-07-23 19:27:09 | INFO     | models.fichier_excel | Fichier chargé : Thor - Corrective maintenance follow-up.xlsx (42 lignes, 3 colonnes)
2026-07-23 19:27:09 | INFO     | models.fichier_excel | JeuDonnees créé : 42 lignes, 3 colonnes
2026-07-23 19:27:13 | INFO     | models.fichier_excel | Fichier chargé : Thor - Corrective maintenance follow-up.xlsx (0 lignes, 0 colonnes)
2026-07-23 19:27:13 | INFO     | models.fichier_excel | JeuDonnees créé : 0 lignes, 0 colonnes
2026-07-23 19:31:42 | INFO     | models.pipeline_principal | Jeu de données créé depuis une saisie manuelle (Saisie manuelle) : 12 lignes, 4 colonnes
2026-07-23 19:34:22 | INFO     | models.pipeline_principal | Jeu de données créé depuis une saisie manuelle (Saisie manuelle) : 12 lignes, 4 colonnes
2026-07-23 19:34:25 | INFO     | models.analyse_eda | EDA : 3 colonnes numériques analysées
2026-07-23 19:34:34 | INFO     | models.tableau_maintenance | Export Excel du tableau de suivi des maintenances généré.
2026-07-23 19:34:50 | INFO     | models.modele_ml | Labels d'utilité générés (règles génériques) : {'trop_vide': 0, 'doublon': 0, 'valeur_aberrante': 0, 'non_utile_total': 0, 'utile_total': 12}
2026-07-23 19:34:50 | INFO     | models.pretraitement | Doublons supprimés : 0
2026-07-23 19:34:50 | INFO     | models.pretraitement | Valeurs manquantes imputées : 0
2026-07-23 19:34:54 | INFO     | models.modele_ml | Labels d'utilité générés (règles génériques) : {'trop_vide': 0, 'doublon': 0, 'valeur_aberrante': 0, 'non_utile_total': 0, 'utile_total': 12}
2026-07-23 19:34:54 | INFO     | models.pretraitement | Doublons supprimés : 0
2026-07-23 19:34:54 | INFO     | models.pretraitement | Valeurs manquantes imputées : 0
2026-07-23 19:34:54 | INFO     | models.modele_ml | Labels d'utilité générés (règles génériques) : {'trop_vide': 0, 'doublon': 0, 'valeur_aberrante': 0, 'non_utile_total': 0, 'utile_total': 12}
2026-07-23 19:34:54 | INFO     | models.pretraitement | Doublons supprimés : 0
2026-07-23 19:34:54 | INFO     | models.pretraitement | Valeurs manquantes imputées : 0
2026-07-23 19:35:00 | INFO     | models.modele_ml | RandomForestClassifier entraîné : 200 arbres, 3 features
2026-07-23 19:35:01 | INFO     | models.rapport_evaluation | Évaluation : accuracy=1.000 precision=1.000 recall=1.000 f1=1.000
2026-07-23 19:35:02 | INFO     | models.modele_ml | RandomForestClassifier entraîné : 200 arbres, 3 features
2026-07-23 19:35:02 | INFO     | models.rapport_evaluation | Évaluation : accuracy=1.000 precision=1.000 recall=1.000 f1=1.000
2026-07-23 19:38:22 | INFO     | models.analyse_eda | EDA : 3 colonnes numériques analysées
2026-07-23 19:38:22 | INFO     | models.pretraitement | Doublons supprimés : 0
2026-07-23 19:38:22 | INFO     | models.pretraitement | Valeurs manquantes imputées : 0
2026-07-23 19:38:23 | INFO     | models.modele_ml | RandomForestClassifier entraîné : 200 arbres, 2 features
2026-07-23 19:38:23 | INFO     | models.rapport_evaluation | Évaluation : accuracy=0.960 precision=1.000 recall=0.960 f1=0.980
2026-07-23 19:38:23 | INFO     | models.modele_ml | LogisticRegression entraîné : 2 features
2026-07-23 19:38:23 | INFO     | models.rapport_evaluation | Évaluation : accuracy=1.000 precision=1.000 recall=1.000 f1=1.000
2026-07-23 19:38:23 | INFO     | models.analyse_eda | EDA : 2 colonnes numériques analysées
2026-07-23 19:38:23 | INFO     | models.pretraitement | Doublons supprimés : 0
2026-07-23 19:38:23 | INFO     | models.pretraitement | Valeurs manquantes imputées : 0
2026-07-23 19:38:37 | INFO     | models.fichier_excel | Fichier chargé : Machines_Test.xlsx (59 lignes, 5 colonnes)
2026-07-23 19:38:37 | INFO     | models.fichier_excel | JeuDonnees créé : 59 lignes, 5 colonnes
2026-07-23 19:38:37 | INFO     | models.analyse_eda | EDA : 2 colonnes numériques analysées
2026-07-23 19:38:37 | INFO     | models.modele_ml | Labels d'utilité générés (règles génériques) : {'trop_vide': 10, 'doublon': 4, 'valeur_aberrante': 0, 'non_utile_total': 11, 'utile_total': 48}
2026-07-23 19:38:37 | INFO     | models.pretraitement | Doublons supprimés : 4
2026-07-23 19:38:37 | INFO     | models.pretraitement | Valeurs manquantes imputées : 28
2026-07-23 19:38:37 | INFO     | models.modele_ml | RandomForestClassifier entraîné : 200 arbres, 10 features
2026-07-23 19:38:37 | INFO     | models.rapport_evaluation | Évaluation : accuracy=1.000 precision=1.000 recall=1.000 f1=1.000
2026-07-23 19:38:37 | INFO     | models.export_excel | Fichier nettoyé exporté : outputs\test_Machines_Test.xlsx (48 lignes utiles, 7 rejetées)
2026-07-23 19:38:37 | INFO     | models.fichier_excel | Fichier chargé : Machines_Test_Realiste.xlsx (92 lignes, 5 colonnes)
2026-07-23 19:38:37 | INFO     | models.fichier_excel | JeuDonnees créé : 92 lignes, 5 colonnes
2026-07-23 19:38:37 | INFO     | models.analyse_eda | EDA : 2 colonnes numériques analysées
2026-07-23 19:38:37 | INFO     | models.modele_ml | Labels d'utilité générés (règles génériques) : {'trop_vide': 12, 'doublon': 2, 'valeur_aberrante': 0, 'non_utile_total': 14, 'utile_total': 78}
2026-07-23 19:38:37 | INFO     | models.pretraitement | Doublons supprimés : 2
2026-07-23 19:38:37 | INFO     | models.pretraitement | Valeurs manquantes imputées : 48
2026-07-23 19:38:37 | INFO     | models.modele_ml | RandomForestClassifier entraîné : 200 arbres, 10 features
2026-07-23 19:38:37 | INFO     | models.rapport_evaluation | Évaluation : accuracy=0.957 precision=0.967 recall=0.957 f1=0.959
2026-07-23 19:38:37 | INFO     | models.export_excel | Fichier nettoyé exporté : outputs\test_Machines_Test_Realiste.xlsx (77 lignes utiles, 13 rejetées)
2026-07-23 19:38:37 | INFO     | models.fichier_excel | Fichier chargé : Machines_Test_Realiste_2.xlsx (157 lignes, 5 colonnes)
2026-07-23 19:38:37 | INFO     | models.fichier_excel | JeuDonnees créé : 157 lignes, 5 colonnes
2026-07-23 19:38:37 | INFO     | models.analyse_eda | EDA : 2 colonnes numériques analysées
2026-07-23 19:38:37 | INFO     | models.modele_ml | Labels d'utilité générés (règles génériques) : {'trop_vide': 22, 'doublon': 5, 'valeur_aberrante': 0, 'non_utile_total': 27, 'utile_total': 130}
2026-07-23 19:38:37 | INFO     | models.pretraitement | Doublons supprimés : 5
2026-07-23 19:38:37 | INFO     | models.pretraitement | Valeurs manquantes imputées : 77
2026-07-23 19:38:38 | INFO     | models.modele_ml | RandomForestClassifier entraîné : 200 arbres, 10 features
2026-07-23 19:38:38 | INFO     | models.rapport_evaluation | Évaluation : accuracy=1.000 precision=1.000 recall=1.000 f1=1.000
2026-07-23 19:38:38 | INFO     | models.export_excel | Fichier nettoyé exporté : outputs\test_Machines_Test_Realiste_2.xlsx (130 lignes utiles, 22 rejetées)
2026-07-23 19:38:38 | INFO     | models.fichier_excel | Fichier chargé : Machines_Test_NonOrganise.xlsx (72 lignes, 12 colonnes)
2026-07-23 19:38:38 | INFO     | models.fichier_excel | JeuDonnees créé : 72 lignes, 12 colonnes
2026-07-23 19:38:38 | INFO     | models.analyse_eda | EDA : 2 colonnes numériques analysées
2026-07-23 19:38:38 | INFO     | models.modele_ml | Labels d'utilité générés (règles génériques) : {'trop_vide': 1, 'doublon': 1, 'valeur_aberrante': 0, 'non_utile_total': 2, 'utile_total': 70}
2026-07-23 19:38:38 | INFO     | models.pretraitement | Doublons supprimés : 1
2026-07-23 19:38:38 | INFO     | models.pretraitement | Valeurs manquantes imputées : 142
2026-07-23 19:38:39 | INFO     | models.modele_ml | RandomForestClassifier entraîné : 200 arbres, 31 features
2026-07-23 19:38:39 | INFO     | models.rapport_evaluation | Évaluation : accuracy=1.000 precision=1.000 recall=1.000 f1=1.000
2026-07-23 19:38:39 | INFO     | models.export_excel | Fichier nettoyé exporté : outputs\test_Machines_Test_NonOrganise.xlsx (70 lignes utiles, 1 rejetées)
2026-07-23 19:39:58 | INFO     | models.fichier_excel | Fichier chargé : Thor - Corrective maintenance follow-up.xlsx (0 lignes, 0 colonnes)
2026-07-23 19:39:58 | INFO     | models.fichier_excel | JeuDonnees créé : 0 lignes, 0 colonnes
2026-07-23 19:40:03 | INFO     | models.fichier_excel | Fichier chargé : Thor - Corrective maintenance follow-up.xlsx (42 lignes, 3 colonnes)
2026-07-23 19:40:03 | INFO     | models.fichier_excel | JeuDonnees créé : 42 lignes, 3 colonnes
2026-07-23 19:40:08 | INFO     | models.analyse_eda | EDA : 2 colonnes numériques analysées
2026-07-23 19:40:55 | INFO     | models.modele_ml | Labels d'utilité générés (règles génériques) : {'trop_vide': 0, 'doublon': 0, 'valeur_aberrante': 4, 'non_utile_total': 4, 'utile_total': 38}
2026-07-23 19:40:55 | INFO     | models.pretraitement | Doublons supprimés : 0
2026-07-23 19:40:55 | INFO     | models.pretraitement | Valeurs manquantes imputées : 1
2026-07-23 19:41:01 | INFO     | models.modele_ml | Labels d'utilité générés (règles génériques) : {'trop_vide': 0, 'doublon': 0, 'valeur_aberrante': 4, 'non_utile_total': 4, 'utile_total': 38}
2026-07-23 19:41:01 | INFO     | models.pretraitement | Doublons supprimés : 0
2026-07-23 19:41:01 | INFO     | models.pretraitement | Valeurs manquantes imputées : 1
2026-07-23 19:41:22 | INFO     | models.modele_ml | RandomForestClassifier entraîné : 200 arbres, 2 features
2026-07-23 19:41:22 | INFO     | models.rapport_evaluation | Évaluation : accuracy=1.000 precision=1.000 recall=1.000 f1=1.000
2026-07-23 19:41:30 | INFO     | models.modele_ml | GradientBoostingClassifier entraîné : 150 arbres, 2 features
2026-07-23 19:41:30 | INFO     | models.rapport_evaluation | Évaluation : accuracy=1.000 precision=1.000 recall=1.000 f1=1.000
2026-07-23 19:41:34 | INFO     | models.modele_ml | GradientBoostingClassifier entraîné : 250 arbres, 2 features
2026-07-23 19:41:34 | INFO     | models.rapport_evaluation | Évaluation : accuracy=1.000 precision=1.000 recall=1.000 f1=1.000
2026-07-24 09:15:44 | INFO     | models.fichier_excel | Fichier chargé : Thor - Corrective maintenance follow-up - Copy.xlsx (227 lignes, 12 colonnes)
2026-07-24 09:15:44 | INFO     | models.fichier_excel | JeuDonnees créé : 227 lignes, 12 colonnes
2026-07-24 09:15:47 | INFO     | models.fichier_excel | Fichier chargé : Thor - Corrective maintenance follow-up - Copy.xlsx (8 lignes, 1 colonnes)
2026-07-24 09:15:47 | INFO     | models.fichier_excel | JeuDonnees créé : 8 lignes, 1 colonnes
2026-07-24 09:15:52 | INFO     | models.fichier_excel | Fichier chargé : Thor - Corrective maintenance follow-up - Copy.xlsx (42 lignes, 3 colonnes)
2026-07-24 09:15:52 | INFO     | models.fichier_excel | JeuDonnees créé : 42 lignes, 3 colonnes
2026-07-24 09:15:59 | INFO     | models.analyse_eda | EDA : 2 colonnes numériques analysées
2026-07-24 09:20:15 | INFO     | models.modele_ml | Labels d'utilité générés (règles génériques) : {'trop_vide': 0, 'doublon': 0, 'valeur_aberrante': 4, 'non_utile_total': 4, 'utile_total': 38}
2026-07-24 09:20:15 | INFO     | models.pretraitement | Doublons supprimés : 0
2026-07-24 09:20:15 | INFO     | models.pretraitement | Valeurs manquantes imputées : 1
2026-07-24 09:20:21 | INFO     | models.modele_ml | Labels d'utilité générés (règles génériques) : {'trop_vide': 0, 'doublon': 0, 'valeur_aberrante': 4, 'non_utile_total': 4, 'utile_total': 38}
2026-07-24 09:20:21 | INFO     | models.pretraitement | Doublons supprimés : 0
2026-07-24 09:20:21 | INFO     | models.pretraitement | Valeurs manquantes imputées : 1
2026-07-24 09:20:28 | INFO     | models.modele_ml | RandomForestClassifier entraîné : 200 arbres, 2 features
2026-07-24 09:20:28 | INFO     | models.rapport_evaluation | Évaluation : accuracy=1.000 precision=1.000 recall=1.000 f1=1.000
2026-07-24 09:20:34 | INFO     | models.modele_ml | GradientBoostingClassifier entraîné : 150 arbres, 2 features
2026-07-24 09:20:34 | INFO     | models.rapport_evaluation | Évaluation : accuracy=1.000 precision=1.000 recall=1.000 f1=1.000
2026-07-24 09:20:39 | INFO     | models.modele_ml | LogisticRegression entraîné : 2 features
2026-07-24 09:20:39 | INFO     | models.rapport_evaluation | Évaluation : accuracy=0.909 precision=0.826 recall=0.909 f1=0.866
2026-07-24 09:20:44 | INFO     | models.fichier_excel | Fichier chargé : Thor - Corrective maintenance follow-up - Copy.xlsx (227 lignes, 12 colonnes)
2026-07-24 09:20:44 | INFO     | models.fichier_excel | JeuDonnees créé : 227 lignes, 12 colonnes
2026-07-24 09:29:36 | INFO     | models.fichier_excel | Fichier chargé : Jeu_de_donnees_Maintenance_Test.xlsx (200 lignes, 18 colonnes)
2026-07-24 09:29:36 | INFO     | models.fichier_excel | JeuDonnees créé : 200 lignes, 18 colonnes
2026-07-24 09:29:45 | INFO     | models.fichier_excel | Fichier chargé : Jeu_de_donnees_Maintenance_Test.xlsx (200 lignes, 18 colonnes)
2026-07-24 09:29:45 | INFO     | models.fichier_excel | JeuDonnees créé : 200 lignes, 18 colonnes
2026-07-24 09:29:55 | INFO     | models.analyse_eda | EDA : 3 colonnes numériques analysées
2026-07-24 09:30:23 | INFO     | models.modele_ml | Labels d'utilité générés (règles génériques) : {'trop_vide': 0, 'doublon': 0, 'valeur_aberrante': 0, 'non_utile_total': 0, 'utile_total': 200}
2026-07-24 09:30:23 | INFO     | models.pretraitement | Doublons supprimés : 0
2026-07-24 09:30:23 | INFO     | models.pretraitement | Valeurs manquantes imputées : 0
2026-07-24 09:33:05 | INFO     | models.fichier_excel | Fichier chargé : Dataset_Maintenance_Anomalies_1000.xlsx (1020 lignes, 11 colonnes)
2026-07-24 09:33:05 | INFO     | models.fichier_excel | JeuDonnees créé : 1020 lignes, 11 colonnes
2026-07-24 09:33:12 | INFO     | models.analyse_eda | EDA : 2 colonnes numériques analysées
2026-07-24 09:33:53 | INFO     | models.modele_ml | Labels d'utilité générés (règles génériques) : {'trop_vide': 0, 'doublon': 20, 'valeur_aberrante': 29, 'non_utile_total': 48, 'utile_total': 972}
2026-07-24 09:33:53 | INFO     | models.pretraitement | Doublons supprimés : 20
2026-07-24 09:33:53 | INFO     | models.pretraitement | Valeurs manquantes imputées : 101
2026-07-24 09:34:14 | INFO     | models.modele_ml | RandomForestClassifier entraîné : 200 arbres, 226 features
2026-07-24 09:34:14 | INFO     | models.rapport_evaluation | Évaluation : accuracy=0.972 precision=0.945 recall=0.972 f1=0.958
2026-07-24 09:34:31 | INFO     | models.modele_ml | LogisticRegression entraîné : 226 features
2026-07-24 09:34:31 | INFO     | models.rapport_evaluation | Évaluation : accuracy=1.000 precision=1.000 recall=1.000 f1=1.000
2026-07-24 09:37:46 | INFO     | models.modele_ml | LogisticRegression entraîné : 226 features
2026-07-24 09:37:46 | INFO     | models.rapport_evaluation | Évaluation : accuracy=1.000 precision=1.000 recall=1.000 f1=1.000
2026-07-24 09:37:48 | INFO     | models.modele_ml | LogisticRegression entraîné : 226 features
2026-07-24 09:37:48 | INFO     | models.rapport_evaluation | Évaluation : accuracy=1.000 precision=1.000 recall=1.000 f1=1.000
2026-07-24 09:37:57 | INFO     | models.modele_ml | GradientBoostingClassifier entraîné : 150 arbres, 226 features
2026-07-24 09:37:57 | INFO     | models.rapport_evaluation | Évaluation : accuracy=1.000 precision=1.000 recall=1.000 f1=1.000
2026-07-24 09:38:07 | INFO     | models.modele_ml | RandomForestClassifier entraîné : 200 arbres, 226 features
2026-07-24 09:38:07 | INFO     | models.rapport_evaluation | Évaluation : accuracy=0.972 precision=0.945 recall=0.972 f1=0.958
2026-07-24 09:38:14 | INFO     | models.modele_ml | RandomForestClassifier entraîné : 200 arbres, 226 features
2026-07-24 09:38:14 | INFO     | models.rapport_evaluation | Évaluation : accuracy=0.972 precision=0.945 recall=0.972 f1=0.958
2026-07-24 09:46:32 | INFO     | models.pipeline_principal | Jeu de données créé depuis une saisie manuelle (Saisie manuelle) : 12 lignes, 4 colonnes
2026-07-24 09:46:36 | INFO     | models.analyse_eda | EDA : 3 colonnes numériques analysées
2026-07-24 09:46:40 | INFO     | models.tableau_maintenance | Export Excel du tableau de suivi des maintenances généré.
2026-07-24 09:48:26 | INFO     | models.tableau_maintenance | Export Excel du tableau de suivi des maintenances généré.
2026-07-24 09:50:29 | INFO     | models.fichier_excel | Fichier chargé : Dataset_Maintenance_Anomalies_1000 (1).xlsx (1020 lignes, 11 colonnes)
2026-07-24 09:50:29 | INFO     | models.fichier_excel | JeuDonnees créé : 1020 lignes, 11 colonnes
2026-07-24 09:50:35 | INFO     | models.fichier_excel | Fichier chargé : Dataset_Maintenance_Anomalies_1000 (1).xlsx (1020 lignes, 11 colonnes)
2026-07-24 09:50:35 | INFO     | models.fichier_excel | JeuDonnees créé : 1020 lignes, 11 colonnes
2026-07-24 09:50:41 | INFO     | models.analyse_eda | EDA : 2 colonnes numériques analysées
2026-07-24 10:09:43 | INFO     | models.fichier_excel | Fichier chargé : Dataset_Maintenance_Anomalies_1000 (1).xlsx (1020 lignes, 11 colonnes)
2026-07-24 10:09:43 | INFO     | models.fichier_excel | JeuDonnees créé : 1020 lignes, 11 colonnes
2026-07-24 10:09:54 | INFO     | models.fichier_excel | Fichier chargé : Dataset_Maintenance_Anomalies_1000 (1).xlsx (1020 lignes, 11 colonnes)
2026-07-24 10:09:54 | INFO     | models.fichier_excel | JeuDonnees créé : 1020 lignes, 11 colonnes
2026-07-24 10:09:58 | INFO     | models.analyse_eda | EDA : 2 colonnes numériques analysées
2026-07-24 10:11:12 | INFO     | models.fichier_excel | Fichier chargé : Thor - Corrective maintenance follow-up.xlsx (0 lignes, 0 colonnes)
2026-07-24 10:11:12 | INFO     | models.fichier_excel | JeuDonnees créé : 0 lignes, 0 colonnes
2026-07-24 10:11:15 | INFO     | models.fichier_excel | Fichier chargé : Thor - Corrective maintenance follow-up.xlsx (8 lignes, 1 colonnes)
2026-07-24 10:11:15 | INFO     | models.fichier_excel | JeuDonnees créé : 8 lignes, 1 colonnes
2026-07-24 10:11:18 | INFO     | models.fichier_excel | Fichier chargé : Thor - Corrective maintenance follow-up.xlsx (42 lignes, 3 colonnes)
2026-07-24 10:11:18 | INFO     | models.fichier_excel | JeuDonnees créé : 42 lignes, 3 colonnes
2026-07-24 10:12:31 | INFO     | models.pipeline_principal | 1 ligne(s) manuelle(s) ajoutée(s) : 43 lignes au total
2026-07-24 10:12:50 | INFO     | models.analyse_eda | EDA : 0 colonnes numériques analysées
2026-07-24 10:12:57 | INFO     | models.analyse_eda | EDA : 0 colonnes numériques analysées
2026-07-24 10:13:05 | INFO     | models.fichier_excel | Fichier chargé : Thor - Corrective maintenance follow-up.xlsx (0 lignes, 0 colonnes)
2026-07-24 10:13:05 | INFO     | models.fichier_excel | JeuDonnees créé : 0 lignes, 0 colonnes
2026-07-24 10:13:21 | INFO     | models.fichier_excel | Fichier chargé : Thor - Corrective maintenance follow-up - Copy.xlsx (227 lignes, 12 colonnes)
2026-07-24 10:13:21 | INFO     | models.fichier_excel | JeuDonnees créé : 227 lignes, 12 colonnes
2026-07-24 10:13:23 | INFO     | models.fichier_excel | Fichier chargé : Thor - Corrective maintenance follow-up - Copy.xlsx (42 lignes, 3 colonnes)
2026-07-24 10:13:23 | INFO     | models.fichier_excel | JeuDonnees créé : 42 lignes, 3 colonnes
2026-07-24 10:13:28 | INFO     | models.analyse_eda | EDA : 2 colonnes numériques analysées
2026-07-24 10:14:02 | INFO     | models.fichier_excel | Fichier chargé : Thor - Corrective maintenance follow-up - Copy.xlsx (227 lignes, 12 colonnes)
2026-07-24 10:14:02 | INFO     | models.fichier_excel | JeuDonnees créé : 227 lignes, 12 colonnes
2026-07-24 11:17:59 | INFO     | models.fichier_excel | Fichier chargé : Thor - Corrective maintenance follow-up - Copy.xlsx (227 lignes, 12 colonnes)
2026-07-24 11:17:59 | INFO     | models.fichier_excel | JeuDonnees créé : 227 lignes, 12 colonnes
2026-07-24 11:18:03 | INFO     | models.fichier_excel | Fichier chargé : Thor - Corrective maintenance follow-up - Copy.xlsx (42 lignes, 3 colonnes)
2026-07-24 11:18:03 | INFO     | models.fichier_excel | JeuDonnees créé : 42 lignes, 3 colonnes
2026-07-24 11:27:25 | INFO     | models.pipeline_principal | 1 ligne(s) manuelle(s) ajoutée(s) : 43 lignes au total
2026-07-24 11:28:12 | INFO     | models.pipeline_principal | 1 ligne(s) manuelle(s) ajoutée(s) : 44 lignes au total
2026-07-24 11:35:53 | INFO     | models.fichier_excel | Fichier chargé : Thor - Corrective maintenance follow-up.xlsx (0 lignes, 0 colonnes)
2026-07-24 11:35:53 | INFO     | models.fichier_excel | JeuDonnees créé : 0 lignes, 0 colonnes
2026-07-24 11:35:58 | INFO     | models.fichier_excel | Fichier chargé : Thor - Corrective maintenance follow-up.xlsx (8 lignes, 1 colonnes)
2026-07-24 11:35:58 | INFO     | models.fichier_excel | JeuDonnees créé : 8 lignes, 1 colonnes
2026-07-24 11:36:04 | INFO     | models.fichier_excel | Fichier chargé : Thor - Corrective maintenance follow-up.xlsx (42 lignes, 3 colonnes)
2026-07-24 11:36:04 | INFO     | models.fichier_excel | JeuDonnees créé : 42 lignes, 3 colonnes
2026-07-24 11:42:54 | INFO     | models.fichier_excel | Fichier chargé : Thor - Corrective maintenance follow-up - Copy.xlsx (227 lignes, 12 colonnes)
2026-07-24 11:42:54 | INFO     | models.fichier_excel | JeuDonnees créé : 227 lignes, 12 colonnes
2026-07-24 11:42:56 | INFO     | models.fichier_excel | Fichier chargé : Thor - Corrective maintenance follow-up - Copy.xlsx (8 lignes, 1 colonnes)
2026-07-24 11:42:56 | INFO     | models.fichier_excel | JeuDonnees créé : 8 lignes, 1 colonnes
2026-07-24 11:43:04 | INFO     | models.fichier_excel | Fichier chargé : Thor - Corrective maintenance follow-up - Copy.xlsx (42 lignes, 3 colonnes)
2026-07-24 11:43:04 | INFO     | models.fichier_excel | JeuDonnees créé : 42 lignes, 3 colonnes
2026-07-24 11:43:38 | INFO     | models.analyse_eda | EDA : 2 colonnes numériques analysées
2026-07-24 11:44:12 | INFO     | models.fichier_excel | Fichier chargé : Thor - Corrective maintenance follow-up - Copy.xlsx (227 lignes, 12 colonnes)
2026-07-24 11:44:12 | INFO     | models.fichier_excel | JeuDonnees créé : 227 lignes, 12 colonnes
2026-07-24 11:49:02 | INFO     | models.fichier_excel | Fichier chargé : test2.xlsx (300 lignes, 4 colonnes)
2026-07-24 11:49:02 | INFO     | models.fichier_excel | JeuDonnees créé : 300 lignes, 4 colonnes
2026-07-24 11:49:06 | INFO     | models.fichier_excel | Fichier chargé : test2.xlsx (42 lignes, 2 colonnes)
2026-07-24 11:49:06 | INFO     | models.fichier_excel | JeuDonnees créé : 42 lignes, 2 colonnes
2026-07-24 11:49:11 | INFO     | models.analyse_eda | EDA : 1 colonnes numériques analysées
2026-07-24 11:50:20 | INFO     | models.fichier_excel | Fichier chargé : test2.xlsx (300 lignes, 4 colonnes)
2026-07-24 11:50:20 | INFO     | models.fichier_excel | JeuDonnees créé : 300 lignes, 4 colonnes
2026-07-24 11:50:28 | INFO     | models.fichier_excel | Fichier chargé : test2.xlsx (42 lignes, 2 colonnes)
2026-07-24 11:50:28 | INFO     | models.fichier_excel | JeuDonnees créé : 42 lignes, 2 colonnes
2026-07-24 11:50:34 | INFO     | models.analyse_eda | EDA : 1 colonnes numériques analysées
2026-07-24 11:50:45 | INFO     | models.fichier_excel | Fichier chargé : test2.xlsx (300 lignes, 4 colonnes)
2026-07-24 11:50:45 | INFO     | models.fichier_excel | JeuDonnees créé : 300 lignes, 4 colonnes
2026-07-24 11:50:54 | INFO     | models.fichier_excel | Fichier chargé : test2.xlsx (42 lignes, 2 colonnes)
2026-07-24 11:50:54 | INFO     | models.fichier_excel | JeuDonnees créé : 42 lignes, 2 colonnes
2026-07-24 11:53:32 | INFO     | models.fichier_excel | Fichier chargé : test2.xlsx (300 lignes, 4 colonnes)
2026-07-24 11:53:32 | INFO     | models.fichier_excel | JeuDonnees créé : 300 lignes, 4 colonnes
2026-07-24 11:53:46 | INFO     | models.fichier_excel | Fichier chargé : Machines_Test_Sample.csv (25 lignes, 12 colonnes)
2026-07-24 11:53:46 | INFO     | models.fichier_excel | JeuDonnees créé : 25 lignes, 12 colonnes
2026-07-24 11:54:01 | INFO     | models.analyse_eda | EDA : 2 colonnes numériques analysées
2026-07-24 12:00:07 | INFO     | models.fichier_excel | Fichier chargé : Thor_Corrective_Maintenance_Modified.xlsx (227 lignes, 4 colonnes)
2026-07-24 12:00:07 | INFO     | models.fichier_excel | JeuDonnees créé : 227 lignes, 4 colonnes
2026-07-24 12:00:23 | INFO     | models.fichier_excel | Fichier chargé : Thor_Corrective_Maintenance_Modified.xlsx (8 lignes, 1 colonnes)
2026-07-24 12:00:23 | INFO     | models.fichier_excel | JeuDonnees créé : 8 lignes, 1 colonnes
2026-07-24 12:00:27 | INFO     | models.fichier_excel | Fichier chargé : Thor_Corrective_Maintenance_Modified.xlsx (42 lignes, 2 colonnes)
2026-07-24 12:00:27 | INFO     | models.fichier_excel | JeuDonnees créé : 42 lignes, 2 colonnes
2026-07-24 12:00:32 | INFO     | models.analyse_eda | EDA : 1 colonnes numériques analysées
2026-07-24 12:01:12 | INFO     | models.modele_ml | Labels d'utilité générés (règles génériques) : {'trop_vide': 0, 'doublon': 0, 'valeur_aberrante': 4, 'non_utile_total': 4, 'utile_total': 38}
2026-07-24 12:01:12 | INFO     | models.pretraitement | Doublons supprimés : 0
2026-07-24 12:01:12 | INFO     | models.pretraitement | Valeurs manquantes imputées : 1
2026-07-24 12:01:19 | INFO     | models.modele_ml | Labels d'utilité générés (règles génériques) : {'trop_vide': 0, 'doublon': 0, 'valeur_aberrante': 4, 'non_utile_total': 4, 'utile_total': 38}
2026-07-24 12:01:19 | INFO     | models.pretraitement | Doublons supprimés : 0
2026-07-24 12:01:19 | INFO     | models.pretraitement | Valeurs manquantes imputées : 1
2026-07-24 12:01:29 | INFO     | models.fichier_excel | Fichier chargé : Thor_Corrective_Maintenance_Modified.xlsx (227 lignes, 4 colonnes)
2026-07-24 12:01:29 | INFO     | models.fichier_excel | JeuDonnees créé : 227 lignes, 4 colonnes
2026-07-24 12:01:52 | INFO     | models.pipeline_principal | Jeu de données créé depuis une saisie manuelle (Saisie manuelle) : 12 lignes, 4 colonnes
2026-07-24 12:09:52 | INFO     | models.pipeline_principal | Jeu de données créé depuis une saisie manuelle (Saisie manuelle) : 12 lignes, 4 colonnes
2026-07-24 12:10:13 | INFO     | models.pipeline_principal | Jeu de données créé depuis une saisie manuelle (Saisie manuelle) : 12 lignes, 4 colonnes
2026-07-24 12:11:01 | INFO     | models.pipeline_principal | Jeu de données créé depuis une saisie manuelle (Saisie manuelle) : 12 lignes, 4 colonnes
2026-07-24 12:11:18 | INFO     | models.pipeline_principal | Jeu de données créé depuis une saisie manuelle (Saisie manuelle) : 12 lignes, 4 colonnes
2026-07-24 12:11:23 | INFO     | models.analyse_eda | EDA : 3 colonnes numériques analysées
2026-07-24 12:11:27 | INFO     | models.tableau_maintenance | Export Excel du tableau de suivi des maintenances généré.
2026-07-24 12:15:50 | INFO     | models.tableau_maintenance | Export Excel du tableau de suivi des maintenances généré.
2026-07-24 12:16:26 | INFO     | models.modele_ml | Labels d'utilité générés (règles génériques) : {'trop_vide': 0, 'doublon': 0, 'valeur_aberrante': 0, 'non_utile_total': 0, 'utile_total': 12}
2026-07-24 12:16:26 | INFO     | models.pretraitement | Doublons supprimés : 0
2026-07-24 12:16:26 | INFO     | models.pretraitement | Valeurs manquantes imputées : 0
2026-07-24 12:21:04 | INFO     | models.fichier_excel | Fichier chargé : Thor_Corrective_Maintenance_Modified.xlsx (227 lignes, 4 colonnes)
2026-07-24 12:21:04 | INFO     | models.fichier_excel | JeuDonnees créé : 227 lignes, 4 colonnes
2026-07-24 12:21:07 | INFO     | models.fichier_excel | Fichier chargé : Thor_Corrective_Maintenance_Modified.xlsx (8 lignes, 1 colonnes)
2026-07-24 12:21:07 | INFO     | models.fichier_excel | JeuDonnees créé : 8 lignes, 1 colonnes
2026-07-24 12:21:10 | INFO     | models.fichier_excel | Fichier chargé : Thor_Corrective_Maintenance_Modified.xlsx (42 lignes, 2 colonnes)
2026-07-24 12:21:10 | INFO     | models.fichier_excel | JeuDonnees créé : 42 lignes, 2 colonnes
2026-07-24 12:21:14 | INFO     | models.analyse_eda | EDA : 1 colonnes numériques analysées
2026-07-24 12:21:19 | INFO     | models.tableau_maintenance | Export Excel du tableau de suivi des maintenances généré.
2026-07-24 12:21:42 | INFO     | models.analyse_eda | EDA : 1 colonnes numériques analysées
2026-07-24 12:21:48 | INFO     | models.tableau_maintenance | Export Excel du tableau de suivi des maintenances généré.
2026-07-24 12:21:53 | INFO     | models.fichier_excel | Fichier chargé : Thor_Corrective_Maintenance_Modified.xlsx (227 lignes, 4 colonnes)
2026-07-24 12:21:53 | INFO     | models.fichier_excel | JeuDonnees créé : 227 lignes, 4 colonnes
2026-07-24 12:26:52 | INFO     | models.fichier_excel | Fichier chargé : Thor_Corrective_Maintenance_Modified.xlsx (8 lignes, 1 colonnes)
2026-07-24 12:26:52 | INFO     | models.fichier_excel | JeuDonnees créé : 8 lignes, 1 colonnes
2026-07-24 12:26:57 | INFO     | models.fichier_excel | Fichier chargé : Thor_Corrective_Maintenance_Modified.xlsx (42 lignes, 2 colonnes)
2026-07-24 12:26:57 | INFO     | models.fichier_excel | JeuDonnees créé : 42 lignes, 2 colonnes
2026-07-24 12:27:16 | INFO     | models.analyse_eda | EDA : 1 colonnes numériques analysées
2026-07-24 12:28:03 | INFO     | models.modele_ml | Labels d'utilité générés (règles génériques) : {'trop_vide': 0, 'doublon': 0, 'valeur_aberrante': 4, 'non_utile_total': 4, 'utile_total': 38}
2026-07-24 12:28:03 | INFO     | models.pretraitement | Doublons supprimés : 0
2026-07-24 12:28:03 | INFO     | models.pretraitement | Valeurs manquantes imputées : 1
2026-07-24 12:28:10 | INFO     | models.modele_ml | Labels d'utilité générés (règles génériques) : {'trop_vide': 0, 'doublon': 0, 'valeur_aberrante': 4, 'non_utile_total': 4, 'utile_total': 38}
2026-07-24 12:28:10 | INFO     | models.pretraitement | Doublons supprimés : 0
2026-07-24 12:28:10 | INFO     | models.pretraitement | Valeurs manquantes imputées : 1
2026-07-24 12:28:14 | INFO     | models.modele_ml | RandomForestClassifier entraîné : 200 arbres, 1 features
2026-07-24 12:28:14 | INFO     | models.rapport_evaluation | Évaluation : accuracy=1.000 precision=1.000 recall=1.000 f1=1.000
2026-07-24 12:28:19 | INFO     | models.modele_ml | GradientBoostingClassifier entraîné : 150 arbres, 1 features
2026-07-24 12:28:19 | INFO     | models.rapport_evaluation | Évaluation : accuracy=1.000 precision=1.000 recall=1.000 f1=1.000
2026-07-24 12:28:24 | INFO     | models.modele_ml | LogisticRegression entraîné : 1 features
2026-07-24 12:28:24 | INFO     | models.rapport_evaluation | Évaluation : accuracy=0.909 precision=0.826 recall=0.909 f1=0.866
2026-07-24 12:51:55 | INFO     | models.fichier_excel | Fichier chargé : Thor_Corrective_Maintenance_Modified.xlsx (227 lignes, 4 colonnes)
2026-07-24 12:51:55 | INFO     | models.fichier_excel | JeuDonnees créé : 227 lignes, 4 colonnes
2026-07-24 12:52:09 | INFO     | models.fichier_excel | Fichier chargé : Thor_Corrective_Maintenance_Modified.xlsx (8 lignes, 1 colonnes)
2026-07-24 12:52:09 | INFO     | models.fichier_excel | JeuDonnees créé : 8 lignes, 1 colonnes
2026-07-24 12:52:13 | INFO     | models.fichier_excel | Fichier chargé : Thor_Corrective_Maintenance_Modified.xlsx (42 lignes, 2 colonnes)
2026-07-24 12:52:13 | INFO     | models.fichier_excel | JeuDonnees créé : 42 lignes, 2 colonnes
2026-07-24 12:52:25 | INFO     | models.analyse_eda | EDA : 1 colonnes numériques analysées
2026-07-24 12:52:39 | INFO     | models.modele_ml | Labels d'utilité générés (règles génériques) : {'trop_vide': 0, 'doublon': 0, 'valeur_aberrante': 4, 'non_utile_total': 4, 'utile_total': 38}
2026-07-24 12:52:39 | INFO     | models.pretraitement | Doublons supprimés : 0
2026-07-24 12:52:39 | INFO     | models.pretraitement | Valeurs manquantes imputées : 1
2026-07-24 12:52:48 | INFO     | models.modele_ml | RandomForestClassifier entraîné : 200 arbres, 1 features
2026-07-24 12:52:49 | INFO     | models.rapport_evaluation | Évaluation : accuracy=1.000 precision=1.000 recall=1.000 f1=1.000
2026-07-24 12:52:55 | INFO     | models.modele_ml | Labels d'utilité générés (règles génériques) : {'trop_vide': 229, 'doublon': 2, 'valeur_aberrante': 0, 'non_utile_total': 229, 'utile_total': 1}
2026-07-24 12:52:55 | INFO     | models.modele_ml | Labels d'utilité générés (règles génériques) : {'trop_vide': 46, 'doublon': 0, 'valeur_aberrante': 0, 'non_utile_total': 46, 'utile_total': 2}
2026-07-24 12:52:55 | INFO     | models.modele_ml | Labels d'utilité générés (règles génériques) : {'trop_vide': 11, 'doublon': 6, 'valeur_aberrante': 0, 'non_utile_total': 11, 'utile_total': 1}
2026-07-24 12:52:55 | INFO     | models.modele_ml | Labels d'utilité générés (règles génériques) : {'trop_vide': 24, 'doublon': 0, 'valeur_aberrante': 0, 'non_utile_total': 24, 'utile_total': 6}
2026-07-24 12:53:07 | INFO     | models.modele_ml | Labels d'utilité générés (règles génériques) : {'trop_vide': 229, 'doublon': 2, 'valeur_aberrante': 0, 'non_utile_total': 229, 'utile_total': 1}
2026-07-24 12:53:07 | INFO     | models.modele_ml | Labels d'utilité générés (règles génériques) : {'trop_vide': 46, 'doublon': 0, 'valeur_aberrante': 0, 'non_utile_total': 46, 'utile_total': 2}
2026-07-24 12:53:07 | INFO     | models.modele_ml | Labels d'utilité générés (règles génériques) : {'trop_vide': 11, 'doublon': 6, 'valeur_aberrante': 0, 'non_utile_total': 11, 'utile_total': 1}
2026-07-24 12:53:07 | INFO     | models.modele_ml | Labels d'utilité générés (règles génériques) : {'trop_vide': 24, 'doublon': 0, 'valeur_aberrante': 0, 'non_utile_total': 24, 'utile_total': 6}
2026-07-24 12:53:29 | INFO     | models.modele_ml | Labels d'utilité générés (règles génériques) : {'trop_vide': 229, 'doublon': 2, 'valeur_aberrante': 0, 'non_utile_total': 229, 'utile_total': 1}
2026-07-24 12:53:29 | INFO     | models.modele_ml | Labels d'utilité générés (règles génériques) : {'trop_vide': 46, 'doublon': 0, 'valeur_aberrante': 0, 'non_utile_total': 46, 'utile_total': 2}
2026-07-24 12:53:29 | INFO     | models.modele_ml | Labels d'utilité générés (règles génériques) : {'trop_vide': 11, 'doublon': 6, 'valeur_aberrante': 0, 'non_utile_total': 11, 'utile_total': 1}
2026-07-24 12:53:29 | INFO     | models.modele_ml | Labels d'utilité générés (règles génériques) : {'trop_vide': 24, 'doublon': 0, 'valeur_aberrante': 0, 'non_utile_total': 24, 'utile_total': 6}
2026-07-26 16:44:52 | INFO     | models.fichier_excel | Fichier chargé : Thor_Corrective_Maintenance_Modified.xlsx (227 lignes, 4 colonnes)
2026-07-26 16:44:52 | INFO     | models.fichier_excel | JeuDonnees créé : 227 lignes, 4 colonnes
2026-07-26 16:44:55 | INFO     | models.fichier_excel | Fichier chargé : Thor_Corrective_Maintenance_Modified.xlsx (8 lignes, 1 colonnes)
2026-07-26 16:44:55 | INFO     | models.fichier_excel | JeuDonnees créé : 8 lignes, 1 colonnes
2026-07-26 16:45:03 | INFO     | models.fichier_excel | Fichier chargé : Thor_Corrective_Maintenance_Modified.xlsx (42 lignes, 2 colonnes)
2026-07-26 16:45:03 | INFO     | models.fichier_excel | JeuDonnees créé : 42 lignes, 2 colonnes
2026-07-26 16:45:31 | INFO     | models.fichier_excel | Fichier chargé : Thor_Corrective_Maintenance_Modified.xlsx (227 lignes, 4 colonnes)
2026-07-26 16:45:31 | INFO     | models.fichier_excel | JeuDonnees créé : 227 lignes, 4 colonnes
2026-07-26 16:45:38 | INFO     | models.fichier_excel | Fichier chargé : Thor_Corrective_Maintenance_Modified.xlsx (42 lignes, 2 colonnes)
2026-07-26 16:45:38 | INFO     | models.fichier_excel | JeuDonnees créé : 42 lignes, 2 colonnes
2026-07-26 16:45:39 | INFO     | models.fichier_excel | Fichier chargé : Maintenance_Analyse.xlsx (50 lignes, 16 colonnes)
2026-07-26 16:45:39 | INFO     | models.fichier_excel | JeuDonnees créé : 50 lignes, 16 colonnes
2026-07-26 16:45:49 | INFO     | models.analyse_eda | EDA : 6 colonnes numériques analysées
2026-07-26 16:46:54 | INFO     | models.pipeline_principal | Jeu de données créé depuis une saisie manuelle (Saisie manuelle) : 12 lignes, 4 colonnes
2026-07-26 16:46:58 | INFO     | models.analyse_eda | EDA : 3 colonnes numériques analysées
2026-07-26 16:47:02 | INFO     | models.tableau_maintenance | Export Excel du tableau de suivi des maintenances généré.
2026-07-26 16:47:18 | INFO     | models.fichier_excel | Fichier chargé : Dataset_Maintenance_Anomalies_1000 (1).xlsx (1020 lignes, 11 colonnes)
2026-07-26 16:47:18 | INFO     | models.fichier_excel | JeuDonnees créé : 1020 lignes, 11 colonnes
2026-07-26 16:47:23 | INFO     | models.analyse_eda | EDA : 2 colonnes numériques analysées
2026-07-26 16:56:20 | INFO     | models.fichier_excel | Fichier chargé : Machine Classification (2).xlsx (163 lignes, 41 colonnes)
2026-07-26 16:56:20 | INFO     | models.fichier_excel | JeuDonnees créé : 163 lignes, 41 colonnes
2026-07-26 16:56:29 | INFO     | models.fichier_excel | Fichier chargé : Dataset_Maintenance_Anomalies_1000.xlsx (1020 lignes, 11 colonnes)
2026-07-26 16:56:29 | INFO     | models.fichier_excel | JeuDonnees créé : 1020 lignes, 11 colonnes
2026-07-26 16:56:34 | INFO     | models.analyse_eda | EDA : 2 colonnes numériques analysées
2026-07-26 17:07:07 | INFO     | models.fichier_excel | Fichier chargé : Thor_Corrective_Maintenance_Modified.xlsx (227 lignes, 4 colonnes)
2026-07-26 17:07:07 | INFO     | models.fichier_excel | JeuDonnees créé : 227 lignes, 4 colonnes
2026-07-26 17:07:10 | INFO     | models.fichier_excel | Fichier chargé : Thor_Corrective_Maintenance_Modified.xlsx (8 lignes, 1 colonnes)
2026-07-26 17:07:10 | INFO     | models.fichier_excel | JeuDonnees créé : 8 lignes, 1 colonnes
2026-07-26 17:07:12 | INFO     | models.fichier_excel | Fichier chargé : Thor_Corrective_Maintenance_Modified.xlsx (42 lignes, 2 colonnes)
2026-07-26 17:07:12 | INFO     | models.fichier_excel | JeuDonnees créé : 42 lignes, 2 colonnes
2026-07-26 17:07:22 | INFO     | models.analyse_eda | EDA : 1 colonnes numériques analysées
2026-07-26 17:08:46 | INFO     | models.fichier_excel | Fichier chargé : Dataset_Maintenance_Anomalies_1000.xlsx (1020 lignes, 11 colonnes)
2026-07-26 17:08:46 | INFO     | models.fichier_excel | JeuDonnees créé : 1020 lignes, 11 colonnes
2026-07-26 17:08:55 | INFO     | models.fichier_excel | Fichier chargé : Dataset_Maintenance_Anomalies_1000.xlsx (1020 lignes, 11 colonnes)
2026-07-26 17:08:55 | INFO     | models.fichier_excel | JeuDonnees créé : 1020 lignes, 11 colonnes
2026-07-26 17:09:18 | INFO     | models.analyse_eda | EDA : 2 colonnes numériques analysées
2026-07-26 17:16:37 | INFO     | models.modele_ml | Labels d'utilité générés (règles génériques) : {'trop_vide': 0, 'doublon': 20, 'valeur_aberrante': 29, 'non_utile_total': 48, 'utile_total': 972}
2026-07-26 17:16:37 | INFO     | models.pretraitement | Doublons supprimés : 20
2026-07-26 17:16:37 | INFO     | models.pretraitement | Valeurs manquantes imputées : 101
2026-07-26 17:16:47 | INFO     | models.modele_ml | RandomForestClassifier entraîné : 200 arbres, 226 features
2026-07-26 17:16:47 | INFO     | models.rapport_evaluation | Évaluation : accuracy=0.972 precision=0.945 recall=0.972 f1=0.958
2026-07-26 17:16:51 | INFO     | models.modele_ml | Labels d'utilité générés (règles génériques) : {'trop_vide': 0, 'doublon': 20, 'valeur_aberrante': 29, 'non_utile_total': 48, 'utile_total': 972}
2026-07-26 17:18:00 | INFO     | models.modele_ml | Labels d'utilité générés (règles génériques) : {'trop_vide': 0, 'doublon': 20, 'valeur_aberrante': 29, 'non_utile_total': 48, 'utile_total': 972}
2026-07-26 17:18:00 | INFO     | models.pretraitement | Doublons supprimés : 20
2026-07-26 17:18:00 | INFO     | models.pretraitement | Valeurs manquantes imputées : 101
2026-07-26 17:18:23 | INFO     | models.modele_ml | Labels d'utilité générés (règles génériques) : {'trop_vide': 0, 'doublon': 20, 'valeur_aberrante': 29, 'non_utile_total': 48, 'utile_total': 972}
2026-07-26 17:18:31 | INFO     | models.modele_ml | Labels d'utilité générés (règles génériques) : {'trop_vide': 0, 'doublon': 20, 'valeur_aberrante': 29, 'non_utile_total': 48, 'utile_total': 972}
2026-07-26 18:25:51 | INFO     | models.fichier_excel | Fichier chargé : Thor_Corrective_Maintenance_Modified.xlsx (227 lignes, 4 colonnes)
2026-07-26 18:25:51 | INFO     | models.fichier_excel | JeuDonnees créé : 227 lignes, 4 colonnes
2026-07-26 18:26:01 | INFO     | models.fichier_excel | Fichier chargé : Thor_Corrective_Maintenance_Modified.xlsx (8 lignes, 1 colonnes)
2026-07-26 18:26:01 | INFO     | models.fichier_excel | JeuDonnees créé : 8 lignes, 1 colonnes
2026-07-26 18:26:05 | INFO     | models.fichier_excel | Fichier chargé : Thor_Corrective_Maintenance_Modified.xlsx (42 lignes, 2 colonnes)
2026-07-26 18:26:05 | INFO     | models.fichier_excel | JeuDonnees créé : 42 lignes, 2 colonnes
2026-07-26 18:26:25 | INFO     | models.analyse_eda | EDA : 1 colonnes numériques analysées
2026-07-26 18:26:26 | INFO     | models.analyse_eda | EDA : 1 colonnes numériques analysées
2026-07-26 18:26:56 | INFO     | models.modele_ml | Labels d'utilité générés (règles génériques) : {'trop_vide': 0, 'doublon': 0, 'valeur_aberrante': 4, 'non_utile_total': 4, 'utile_total': 38}
2026-07-26 18:26:56 | INFO     | models.pretraitement | Doublons supprimés : 0
2026-07-26 18:26:56 | INFO     | models.pretraitement | Valeurs manquantes imputées : 1
2026-07-26 18:27:11 | INFO     | models.modele_ml | RandomForestClassifier entraîné : 200 arbres, 1 features
2026-07-26 18:27:12 | INFO     | models.rapport_evaluation | Évaluation : accuracy=1.000 precision=1.000 recall=1.000 f1=1.000
2026-07-26 18:27:16 | INFO     | models.modele_ml | Labels d'utilité générés (règles génériques) : {'trop_vide': 229, 'doublon': 2, 'valeur_aberrante': 0, 'non_utile_total': 229, 'utile_total': 1}
2026-07-26 18:27:16 | INFO     | models.modele_ml | Labels d'utilité générés (règles génériques) : {'trop_vide': 46, 'doublon': 0, 'valeur_aberrante': 0, 'non_utile_total': 46, 'utile_total': 2}
2026-07-26 18:27:16 | INFO     | models.modele_ml | Labels d'utilité générés (règles génériques) : {'trop_vide': 11, 'doublon': 6, 'valeur_aberrante': 0, 'non_utile_total': 11, 'utile_total': 1}
2026-07-26 18:27:16 | INFO     | models.modele_ml | Labels d'utilité générés (règles génériques) : {'trop_vide': 24, 'doublon': 0, 'valeur_aberrante': 0, 'non_utile_total': 24, 'utile_total': 6}
2026-07-26 18:27:25 | INFO     | models.modele_ml | Labels d'utilité générés (règles génériques) : {'trop_vide': 229, 'doublon': 2, 'valeur_aberrante': 0, 'non_utile_total': 229, 'utile_total': 1}
2026-07-26 18:27:25 | INFO     | models.modele_ml | Labels d'utilité générés (règles génériques) : {'trop_vide': 46, 'doublon': 0, 'valeur_aberrante': 0, 'non_utile_total': 46, 'utile_total': 2}
2026-07-26 18:27:25 | INFO     | models.modele_ml | Labels d'utilité générés (règles génériques) : {'trop_vide': 11, 'doublon': 6, 'valeur_aberrante': 0, 'non_utile_total': 11, 'utile_total': 1}
2026-07-26 18:27:25 | INFO     | models.modele_ml | Labels d'utilité générés (règles génériques) : {'trop_vide': 24, 'doublon': 0, 'valeur_aberrante': 0, 'non_utile_total': 24, 'utile_total': 6}
2026-07-26 18:27:59 | INFO     | models.modele_ml | Labels d'utilité générés (règles génériques) : {'trop_vide': 229, 'doublon': 2, 'valeur_aberrante': 0, 'non_utile_total': 229, 'utile_total': 1}
2026-07-26 18:27:59 | INFO     | models.modele_ml | Labels d'utilité générés (règles génériques) : {'trop_vide': 46, 'doublon': 0, 'valeur_aberrante': 0, 'non_utile_total': 46, 'utile_total': 2}
2026-07-26 18:27:59 | INFO     | models.modele_ml | Labels d'utilité générés (règles génériques) : {'trop_vide': 11, 'doublon': 6, 'valeur_aberrante': 0, 'non_utile_total': 11, 'utile_total': 1}
2026-07-26 18:27:59 | INFO     | models.modele_ml | Labels d'utilité générés (règles génériques) : {'trop_vide': 24, 'doublon': 0, 'valeur_aberrante': 0, 'non_utile_total': 24, 'utile_total': 6}
2026-07-26 18:28:04 | INFO     | models.modele_ml | Labels d'utilité générés (règles génériques) : {'trop_vide': 229, 'doublon': 2, 'valeur_aberrante': 0, 'non_utile_total': 229, 'utile_total': 1}
2026-07-26 18:28:04 | INFO     | models.modele_ml | Labels d'utilité générés (règles génériques) : {'trop_vide': 46, 'doublon': 0, 'valeur_aberrante': 0, 'non_utile_total': 46, 'utile_total': 2}
2026-07-26 18:28:04 | INFO     | models.modele_ml | Labels d'utilité générés (règles génériques) : {'trop_vide': 11, 'doublon': 6, 'valeur_aberrante': 0, 'non_utile_total': 11, 'utile_total': 1}
2026-07-26 18:28:05 | INFO     | models.modele_ml | Labels d'utilité générés (règles génériques) : {'trop_vide': 24, 'doublon': 0, 'valeur_aberrante': 0, 'non_utile_total': 24, 'utile_total': 6}
2026-07-26 18:36:00 | INFO     | models.modele_ml | Labels d'utilité générés (règles génériques) : {'trop_vide': 229, 'doublon': 2, 'valeur_aberrante': 0, 'non_utile_total': 229, 'utile_total': 1}
2026-07-26 18:36:00 | INFO     | models.modele_ml | Labels d'utilité générés (règles génériques) : {'trop_vide': 229, 'doublon': 2, 'valeur_aberrante': 0, 'non_utile_total': 229, 'utile_total': 1}
2026-07-26 18:36:00 | INFO     | models.modele_ml | Labels d'utilité générés (règles génériques) : {'trop_vide': 46, 'doublon': 0, 'valeur_aberrante': 0, 'non_utile_total': 46, 'utile_total': 2}
2026-07-26 18:36:00 | INFO     | models.modele_ml | Labels d'utilité générés (règles génériques) : {'trop_vide': 11, 'doublon': 6, 'valeur_aberrante': 0, 'non_utile_total': 11, 'utile_total': 1}
2026-07-26 18:36:00 | INFO     | models.modele_ml | Labels d'utilité générés (règles génériques) : {'trop_vide': 24, 'doublon': 0, 'valeur_aberrante': 0, 'non_utile_total': 24, 'utile_total': 6}
2026-07-26 18:36:06 | INFO     | models.modele_ml | Labels d'utilité générés (règles génériques) : {'trop_vide': 229, 'doublon': 2, 'valeur_aberrante': 0, 'non_utile_total': 229, 'utile_total': 1}
2026-07-26 18:36:06 | INFO     | models.modele_ml | Labels d'utilité générés (règles génériques) : {'trop_vide': 229, 'doublon': 2, 'valeur_aberrante': 0, 'non_utile_total': 229, 'utile_total': 1}
2026-07-26 18:36:06 | INFO     | models.modele_ml | Labels d'utilité générés (règles génériques) : {'trop_vide': 46, 'doublon': 0, 'valeur_aberrante': 0, 'non_utile_total': 46, 'utile_total': 2}
2026-07-26 18:36:06 | INFO     | models.modele_ml | Labels d'utilité générés (règles génériques) : {'trop_vide': 11, 'doublon': 6, 'valeur_aberrante': 0, 'non_utile_total': 11, 'utile_total': 1}
2026-07-26 18:36:06 | INFO     | models.modele_ml | Labels d'utilité générés (règles génériques) : {'trop_vide': 24, 'doublon': 0, 'valeur_aberrante': 0, 'non_utile_total': 24, 'utile_total': 6}
2026-07-26 19:10:46 | INFO     | models.fichier_excel | Fichier chargé : Thor_Corrective_Maintenance_Modified.xlsx (227 lignes, 4 colonnes)
2026-07-26 19:10:46 | INFO     | models.fichier_excel | JeuDonnees créé : 227 lignes, 4 colonnes
2026-07-26 19:10:49 | INFO     | models.fichier_excel | Fichier chargé : Thor_Corrective_Maintenance_Modified.xlsx (8 lignes, 1 colonnes)
2026-07-26 19:10:49 | INFO     | models.fichier_excel | JeuDonnees créé : 8 lignes, 1 colonnes
2026-07-26 19:10:52 | INFO     | models.fichier_excel | Fichier chargé : Thor_Corrective_Maintenance_Modified.xlsx (42 lignes, 2 colonnes)
2026-07-26 19:10:52 | INFO     | models.fichier_excel | JeuDonnees créé : 42 lignes, 2 colonnes
2026-07-26 19:10:56 | INFO     | models.analyse_eda | EDA : 1 colonnes numériques analysées
2026-07-26 19:11:09 | INFO     | models.modele_ml | Labels d'utilité générés (règles génériques) : {'trop_vide': 0, 'doublon': 0, 'valeur_aberrante': 4, 'non_utile_total': 4, 'utile_total': 38}
2026-07-26 19:11:09 | INFO     | models.pretraitement | Doublons supprimés : 0
2026-07-26 19:11:09 | INFO     | models.pretraitement | Valeurs manquantes imputées : 1
2026-07-26 19:11:28 | INFO     | models.modele_ml | RandomForestClassifier entraîné : 200 arbres, 1 features
2026-07-26 19:11:28 | INFO     | models.rapport_evaluation | Évaluation : accuracy=1.000 precision=1.000 recall=1.000 f1=1.000
2026-07-26 19:11:31 | INFO     | models.modele_ml | GradientBoostingClassifier entraîné : 150 arbres, 1 features
2026-07-26 19:11:31 | INFO     | models.rapport_evaluation | Évaluation : accuracy=1.000 precision=1.000 recall=1.000 f1=1.000
2026-07-26 19:11:33 | INFO     | models.modele_ml | GradientBoostingClassifier entraîné : 150 arbres, 1 features
2026-07-26 19:11:33 | INFO     | models.rapport_evaluation | Évaluation : accuracy=1.000 precision=1.000 recall=1.000 f1=1.000
2026-07-26 19:11:34 | INFO     | models.modele_ml | GradientBoostingClassifier entraîné : 150 arbres, 1 features
2026-07-26 19:11:34 | INFO     | models.rapport_evaluation | Évaluation : accuracy=1.000 precision=1.000 recall=1.000 f1=1.000
2026-07-26 19:18:47 | INFO     | models.fichier_excel | Fichier chargé : Thor_Corrective_Maintenance_Modified.xlsx (227 lignes, 4 colonnes)
2026-07-26 19:18:47 | INFO     | models.fichier_excel | JeuDonnees créé : 227 lignes, 4 colonnes
2026-07-26 19:18:50 | INFO     | models.fichier_excel | Fichier chargé : Thor_Corrective_Maintenance_Modified.xlsx (8 lignes, 1 colonnes)
2026-07-26 19:18:50 | INFO     | models.fichier_excel | JeuDonnees créé : 8 lignes, 1 colonnes
2026-07-26 19:19:05 | INFO     | models.fichier_excel | Fichier chargé : Thor_Corrective_Maintenance_Modified.xlsx (42 lignes, 2 colonnes)
2026-07-26 19:19:05 | INFO     | models.fichier_excel | JeuDonnees créé : 42 lignes, 2 colonnes
2026-07-26 19:19:10 | INFO     | models.analyse_eda | EDA : 1 colonnes numériques analysées
2026-07-26 19:19:28 | INFO     | models.fichier_excel | Fichier chargé : Thor_Corrective_Maintenance_Modified.xlsx (227 lignes, 4 colonnes)
2026-07-26 19:19:28 | INFO     | models.fichier_excel | JeuDonnees créé : 227 lignes, 4 colonnes
2026-07-26 19:19:37 | INFO     | models.fichier_excel | Fichier chargé : Thor_Corrective_Maintenance_Modified.xlsx (8 lignes, 1 colonnes)
2026-07-26 19:19:37 | INFO     | models.fichier_excel | JeuDonnees créé : 8 lignes, 1 colonnes
2026-07-26 19:19:41 | INFO     | models.fichier_excel | Fichier chargé : Thor_Corrective_Maintenance_Modified.xlsx (42 lignes, 2 colonnes)
2026-07-26 19:19:41 | INFO     | models.fichier_excel | JeuDonnees créé : 42 lignes, 2 colonnes
2026-07-26 19:19:46 | INFO     | models.analyse_eda | EDA : 1 colonnes numériques analysées
2026-07-26 19:20:50 | INFO     | models.modele_ml | Labels d'utilité générés (règles génériques) : {'trop_vide': 0, 'doublon': 0, 'valeur_aberrante': 4, 'non_utile_total': 4, 'utile_total': 38}
2026-07-26 19:20:50 | INFO     | models.pretraitement | Doublons supprimés : 0
2026-07-26 19:20:50 | INFO     | models.pretraitement | Valeurs manquantes imputées : 1
2026-07-26 19:21:20 | INFO     | models.modele_ml | RandomForestClassifier entraîné : 200 arbres, 1 features
2026-07-26 19:21:20 | INFO     | models.rapport_evaluation | Évaluation : accuracy=1.000 precision=1.000 recall=1.000 f1=1.000
2026-07-26 20:24:05 | INFO     | models.fichier_excel | Fichier chargé : Thor_Corrective_Maintenance_Modified.xlsx (227 lignes, 4 colonnes)
2026-07-26 20:24:05 | INFO     | models.fichier_excel | JeuDonnees créé : 227 lignes, 4 colonnes
2026-07-26 20:24:07 | INFO     | models.fichier_excel | Fichier chargé : Thor_Corrective_Maintenance_Modified.xlsx (8 lignes, 1 colonnes)
2026-07-26 20:24:07 | INFO     | models.fichier_excel | JeuDonnees créé : 8 lignes, 1 colonnes
2026-07-26 20:24:10 | INFO     | models.fichier_excel | Fichier chargé : Thor_Corrective_Maintenance_Modified.xlsx (42 lignes, 2 colonnes)
2026-07-26 20:24:10 | INFO     | models.fichier_excel | JeuDonnees créé : 42 lignes, 2 colonnes
2026-07-26 20:24:15 | INFO     | models.analyse_eda | EDA : 1 colonnes numériques analysées
2026-07-26 20:24:20 | INFO     | models.modele_ml | Labels d'utilité générés (règles génériques) : {'trop_vide': 0, 'doublon': 0, 'valeur_aberrante': 4, 'non_utile_total': 4, 'utile_total': 38}
2026-07-26 20:24:20 | INFO     | models.pretraitement | Doublons supprimés : 0
2026-07-26 20:24:20 | INFO     | models.pretraitement | Valeurs manquantes imputées : 1
2026-07-26 20:24:27 | INFO     | models.modele_ml | RandomForestClassifier entraîné : 200 arbres, 1 features
2026-07-26 20:24:27 | INFO     | models.rapport_evaluation | Évaluation : accuracy=1.000 precision=1.000 recall=1.000 f1=1.000
2026-07-26 20:24:31 | INFO     | models.modele_ml | GradientBoostingClassifier entraîné : 150 arbres, 1 features
2026-07-26 20:24:31 | INFO     | models.rapport_evaluation | Évaluation : accuracy=1.000 precision=1.000 recall=1.000 f1=1.000
2026-07-26 20:24:34 | INFO     | models.modele_ml | GradientBoostingClassifier entraîné : 150 arbres, 1 features
2026-07-26 20:24:34 | INFO     | models.rapport_evaluation | Évaluation : accuracy=1.000 precision=1.000 recall=1.000 f1=1.000
2026-07-26 20:31:54 | INFO     | models.fichier_excel | Fichier chargé : Thor_Corrective_Maintenance_Modified.xlsx (227 lignes, 4 colonnes)
2026-07-26 20:31:54 | INFO     | models.fichier_excel | JeuDonnees créé : 227 lignes, 4 colonnes
2026-07-26 20:34:29 | INFO     | models.fichier_excel | Fichier chargé : Thor_Corrective_Maintenance_Modified.xlsx (42 lignes, 2 colonnes)
2026-07-26 20:34:29 | INFO     | models.fichier_excel | JeuDonnees créé : 42 lignes, 2 colonnes
2026-07-26 20:34:36 | INFO     | models.analyse_eda | EDA : 1 colonnes numériques analysées
2026-07-26 20:34:42 | INFO     | models.modele_ml | Labels d'utilité générés (règles génériques) : {'trop_vide': 0, 'doublon': 0, 'valeur_aberrante': 4, 'non_utile_total': 4, 'utile_total': 38}
2026-07-26 20:34:42 | INFO     | models.pretraitement | Doublons supprimés : 0
2026-07-26 20:34:42 | INFO     | models.pretraitement | Valeurs manquantes imputées : 1
2026-07-26 20:34:47 | INFO     | models.modele_ml | RandomForestClassifier entraîné : 200 arbres, 1 features
2026-07-26 20:34:47 | INFO     | models.rapport_evaluation | Évaluation : accuracy=1.000 precision=1.000 recall=1.000 f1=1.000
2026-07-27 09:41:38 | INFO     | models.fichier_excel | Fichier chargé : Thor_Corrective_Maintenance_Modified.xlsx (227 lignes, 4 colonnes)
2026-07-27 09:41:38 | INFO     | models.fichier_excel | JeuDonnees créé : 227 lignes, 4 colonnes
2026-07-27 09:44:32 | INFO     | models.fichier_excel | Fichier chargé : Thor_Corrective_Maintenance_Modified.xlsx (227 lignes, 4 colonnes)
2026-07-27 09:44:32 | INFO     | models.fichier_excel | JeuDonnees créé : 227 lignes, 4 colonnes
2026-07-27 09:46:17 | INFO     | models.analyse_eda | EDA : 0 colonnes numériques analysées
2026-07-27 09:47:10 | INFO     | models.fichier_excel | Fichier chargé : Thor_Corrective_Maintenance_Modified.xlsx (8 lignes, 1 colonnes)
2026-07-27 09:47:10 | INFO     | models.fichier_excel | JeuDonnees créé : 8 lignes, 1 colonnes
2026-07-27 09:47:15 | INFO     | models.fichier_excel | Fichier chargé : Thor_Corrective_Maintenance_Modified.xlsx (42 lignes, 2 colonnes)
2026-07-27 09:47:15 | INFO     | models.fichier_excel | JeuDonnees créé : 42 lignes, 2 colonnes
2026-07-27 09:47:20 | INFO     | models.analyse_eda | EDA : 1 colonnes numériques analysées
2026-07-27 09:47:46 | INFO     | models.modele_ml | Labels d'utilité générés (règles génériques) : {'trop_vide': 0, 'doublon': 0, 'valeur_aberrante': 4, 'non_utile_total': 4, 'utile_total': 38}
2026-07-27 09:47:46 | INFO     | models.pretraitement | Doublons supprimés : 0
2026-07-27 09:47:46 | INFO     | models.pretraitement | Valeurs manquantes imputées : 1
2026-07-27 09:47:53 | INFO     | models.modele_ml | RandomForestClassifier entraîné : 200 arbres, 1 features
2026-07-27 09:47:53 | INFO     | models.rapport_evaluation | Évaluation : accuracy=1.000 precision=1.000 recall=1.000 f1=1.000
2026-07-27 09:47:58 | INFO     | models.modele_ml | LogisticRegression entraîné : 1 features
2026-07-27 09:47:58 | INFO     | models.rapport_evaluation | Évaluation : accuracy=0.909 precision=0.826 recall=0.909 f1=0.866
2026-07-27 10:08:45 | INFO     | models.fichier_excel | Fichier chargé : google_sheet_1gv6LybO-87CA4SaXbI9TvBQyRnFVFBcV.csv (170 lignes, 41 colonnes)
2026-07-27 10:08:45 | INFO     | models.fichier_excel | JeuDonnees créé : 170 lignes, 41 colonnes
2026-07-27 10:08:58 | INFO     | models.analyse_eda | EDA : 0 colonnes numériques analysées
2026-07-27 10:09:21 | INFO     | models.modele_ml | Labels d'utilité générés (règles génériques) : {'trop_vide': 6, 'doublon': 0, 'valeur_aberrante': 0, 'non_utile_total': 6, 'utile_total': 164}
2026-07-27 10:09:21 | INFO     | models.pretraitement | Doublons supprimés : 0
2026-07-27 10:09:22 | INFO     | models.pretraitement | Valeurs manquantes imputées : 217
2026-07-27 10:09:29 | INFO     | models.modele_ml | RandomForestClassifier entraîné : 200 arbres, 123 features
2026-07-27 10:09:29 | INFO     | models.rapport_evaluation | Évaluation : accuracy=0.953 precision=0.909 recall=0.953 f1=0.931
2026-07-27 10:22:22 | INFO     | models.fichier_excel | Fichier chargé : google_sheet_1gv6LybO-87CA4SaXbI9TvBQyRnFVFBcV.csv (163 lignes, 41 colonnes)
2026-07-27 10:22:22 | INFO     | models.fichier_excel | JeuDonnees créé : 163 lignes, 41 colonnes
2026-07-27 10:22:44 | INFO     | models.fichier_excel | Fichier chargé : google_sheet_1gv6LybO-87CA4SaXbI9TvBQyRnFVFBcV.csv (163 lignes, 41 colonnes)
2026-07-27 10:22:44 | INFO     | models.fichier_excel | JeuDonnees créé : 163 lignes, 41 colonnes
2026-07-27 10:22:53 | INFO     | models.analyse_eda | EDA : 9 colonnes numériques analysées
2026-07-27 10:23:17 | INFO     | models.fichier_excel | Fichier chargé : google_sheet_1gv6LybO-87CA4SaXbI9TvBQyRnFVFBcV.csv (163 lignes, 41 colonnes)
2026-07-27 10:23:17 | INFO     | models.fichier_excel | JeuDonnees créé : 163 lignes, 41 colonnes
2026-07-27 10:23:30 | INFO     | models.analyse_eda | EDA : 9 colonnes numériques analysées
2026-07-27 10:28:24 | INFO     | models.analyse_eda | EDA : 9 colonnes numériques analysées
2026-07-27 10:28:54 | INFO     | models.modele_ml | Labels d'utilité générés (règles génériques) : {'trop_vide': 0, 'doublon': 0, 'valeur_aberrante': 0, 'non_utile_total': 0, 'utile_total': 163}
2026-07-27 10:28:54 | INFO     | models.pretraitement | Doublons supprimés : 0
2026-07-27 10:28:54 | INFO     | models.pretraitement | Valeurs manquantes imputées : 0
2026-07-27 10:29:00 | INFO     | models.modele_ml | Labels d'utilité générés (règles génériques) : {'trop_vide': 0, 'doublon': 0, 'valeur_aberrante': 0, 'non_utile_total': 0, 'utile_total': 163}
2026-07-27 10:29:00 | INFO     | models.pretraitement | Doublons supprimés : 0
2026-07-27 10:29:00 | INFO     | models.pretraitement | Valeurs manquantes imputées : 0
2026-07-27 10:31:08 | INFO     | models.fichier_excel | Fichier chargé : google_sheet_1ey4yExQCrxd206VhLk2Q4d4Yovmjcl8bMCm8n0utA68.csv (226 lignes, 4 colonnes)
2026-07-27 10:31:08 | INFO     | models.fichier_excel | JeuDonnees créé : 226 lignes, 4 colonnes
2026-07-27 10:31:21 | INFO     | models.analyse_eda | EDA : 0 colonnes numériques analysées
2026-07-27 10:31:30 | INFO     | models.analyse_eda | EDA : 0 colonnes numériques analysées
2026-07-27 11:41:58 | INFO     | models.fichier_excel | Fichier chargé : Thor_Corrective_Maintenance_Modified.xlsx (227 lignes, 4 colonnes)
2026-07-27 11:41:58 | INFO     | models.fichier_excel | JeuDonnees créé : 227 lignes, 4 colonnes
2026-07-27 11:42:00 | INFO     | models.fichier_excel | Fichier chargé : Thor_Corrective_Maintenance_Modified.xlsx (42 lignes, 2 colonnes)
2026-07-27 11:42:00 | INFO     | models.fichier_excel | JeuDonnees créé : 42 lignes, 2 colonnes
2026-07-27 11:42:03 | INFO     | models.analyse_eda | EDA : 1 colonnes numériques analysées
2026-07-27 11:42:05 | INFO     | models.modele_ml | Labels d'utilité générés (règles génériques) : {'trop_vide': 0, 'doublon': 0, 'valeur_aberrante': 4, 'non_utile_total': 4, 'utile_total': 38}
2026-07-27 11:42:05 | INFO     | models.pretraitement | Doublons supprimés : 0
2026-07-27 11:42:05 | INFO     | models.pretraitement | Valeurs manquantes imputées : 1
2026-07-27 11:42:10 | INFO     | models.modele_ml | RandomForestClassifier entraîné : 200 arbres, 1 features
2026-07-27 11:42:10 | INFO     | models.rapport_evaluation | Évaluation : accuracy=1.000 precision=1.000 recall=1.000 f1=1.000
2026-07-27 11:42:14 | INFO     | models.modele_ml | GradientBoostingClassifier entraîné : 150 arbres, 1 features
2026-07-27 11:42:14 | INFO     | models.rapport_evaluation | Évaluation : accuracy=1.000 precision=1.000 recall=1.000 f1=1.000
2026-07-27 11:44:44 | INFO     | models.fichier_excel | Fichier chargé : Thor_Corrective_Maintenance_Modified.xlsx (227 lignes, 4 colonnes)
2026-07-27 11:44:44 | INFO     | models.fichier_excel | JeuDonnees créé : 227 lignes, 4 colonnes
2026-07-27 11:44:47 | INFO     | models.fichier_excel | Fichier chargé : Thor_Corrective_Maintenance_Modified.xlsx (42 lignes, 2 colonnes)
2026-07-27 11:44:47 | INFO     | models.fichier_excel | JeuDonnees créé : 42 lignes, 2 colonnes
2026-07-27 11:44:53 | INFO     | models.analyse_eda | EDA : 1 colonnes numériques analysées
2026-07-27 11:45:11 | INFO     | models.modele_ml | Labels d'utilité générés (règles génériques) : {'trop_vide': 0, 'doublon': 0, 'valeur_aberrante': 4, 'non_utile_total': 4, 'utile_total': 38}
2026-07-27 11:45:11 | INFO     | models.pretraitement | Doublons supprimés : 0
2026-07-27 11:45:11 | INFO     | models.pretraitement | Valeurs manquantes imputées : 1
2026-07-27 11:45:15 | INFO     | models.modele_ml | Labels d'utilité générés (règles génériques) : {'trop_vide': 0, 'doublon': 0, 'valeur_aberrante': 4, 'non_utile_total': 4, 'utile_total': 38}
2026-07-27 11:45:15 | INFO     | models.pretraitement | Doublons supprimés : 0
2026-07-27 11:45:15 | INFO     | models.pretraitement | Valeurs manquantes imputées : 1
2026-07-27 11:45:20 | INFO     | models.modele_ml | RandomForestClassifier entraîné : 200 arbres, 1 features
2026-07-27 11:45:20 | INFO     | models.rapport_evaluation | Évaluation : accuracy=1.000 precision=1.000 recall=1.000 f1=1.000
2026-07-27 12:18:59 | INFO     | models.fichier_excel | Fichier chargé : Thor_Corrective_Maintenance_Modified.xlsx (227 lignes, 4 colonnes)
2026-07-27 12:18:59 | INFO     | models.fichier_excel | JeuDonnees créé : 227 lignes, 4 colonnes
2026-07-27 12:19:02 | INFO     | models.fichier_excel | Fichier chargé : Thor_Corrective_Maintenance_Modified.xlsx (42 lignes, 2 colonnes)
2026-07-27 12:19:02 | INFO     | models.fichier_excel | JeuDonnees créé : 42 lignes, 2 colonnes
2026-07-27 12:19:05 | INFO     | models.analyse_eda | EDA : 1 colonnes numériques analysées
2026-07-27 12:19:19 | INFO     | models.modele_ml | Labels d'utilité générés (règles génériques) : {'trop_vide': 0, 'doublon': 0, 'valeur_aberrante': 4, 'non_utile_total': 4, 'utile_total': 38}
2026-07-27 12:19:19 | INFO     | models.pretraitement | Doublons supprimés : 0
2026-07-27 12:19:19 | INFO     | models.pretraitement | Valeurs manquantes imputées : 1
2026-07-27 12:19:29 | INFO     | models.modele_ml | RandomForestClassifier entraîné : 200 arbres, 1 features
2026-07-27 12:19:29 | INFO     | models.rapport_evaluation | Évaluation : accuracy=1.000 precision=1.000 recall=1.000 f1=1.000 roc_auc=1.000
2026-07-27 12:54:01 | INFO     | models.fichier_excel | Fichier chargé : Thor_Corrective_Maintenance_Modified.xlsx (227 lignes, 4 colonnes)
2026-07-27 12:54:01 | INFO     | models.fichier_excel | JeuDonnees créé : 227 lignes, 4 colonnes
2026-07-27 12:54:03 | INFO     | models.fichier_excel | Fichier chargé : Thor_Corrective_Maintenance_Modified.xlsx (42 lignes, 2 colonnes)
2026-07-27 12:54:03 | INFO     | models.fichier_excel | JeuDonnees créé : 42 lignes, 2 colonnes
2026-07-27 12:54:06 | INFO     | models.analyse_eda | EDA : 1 colonnes numériques analysées
2026-07-27 12:54:09 | INFO     | models.risque_machine | Score de risque calculé pour 42 machine(s).
2026-07-27 12:54:27 | INFO     | models.modele_ml | Labels d'utilité générés (règles génériques) : {'trop_vide': 0, 'doublon': 0, 'valeur_aberrante': 4, 'non_utile_total': 4, 'utile_total': 38}
2026-07-27 12:54:27 | INFO     | models.pretraitement | Doublons supprimés : 0
2026-07-27 12:54:27 | INFO     | models.pretraitement | Valeurs manquantes imputées : 1
2026-07-27 12:54:33 | INFO     | models.modele_ml | RandomForestClassifier entraîné : 200 arbres, 1 features
2026-07-27 12:54:34 | INFO     | models.rapport_evaluation | Évaluation : accuracy=1.000 precision=1.000 recall=1.000 f1=1.000 roc_auc=1.000
2026-07-27 12:54:40 | INFO     | models.risque_machine | Score de risque calculé pour 42 machine(s).
2026-07-27 12:57:05 | INFO     | models.analyse_eda | EDA : 1 colonnes numériques analysées
2026-07-27 12:57:06 | INFO     | models.fichier_excel | Fichier chargé : Thor_Corrective_Maintenance_Modified.xlsx (227 lignes, 4 colonnes)
2026-07-27 12:57:06 | INFO     | models.fichier_excel | JeuDonnees créé : 227 lignes, 4 colonnes
2026-07-27 13:31:35 | INFO     | models.fichier_excel | Fichier chargé : Thor_Corrective_Maintenance_Modified.xlsx (227 lignes, 4 colonnes)
2026-07-27 13:31:35 | INFO     | models.fichier_excel | JeuDonnees créé : 227 lignes, 4 colonnes
2026-07-27 13:31:46 | INFO     | models.fichier_excel | Fichier chargé : Thor_Corrective_Maintenance_Modified.xlsx (42 lignes, 2 colonnes)
2026-07-27 13:31:46 | INFO     | models.fichier_excel | JeuDonnees créé : 42 lignes, 2 colonnes
2026-07-27 13:32:03 | INFO     | models.analyse_eda | EDA : 1 colonnes numériques analysées
2026-07-27 13:32:23 | INFO     | models.modele_ml | Labels d'utilité générés (règles génériques) : {'trop_vide': 0, 'doublon': 0, 'valeur_aberrante': 4, 'non_utile_total': 4, 'utile_total': 38}
2026-07-27 13:32:23 | INFO     | models.pretraitement | Doublons supprimés : 0
2026-07-27 13:32:23 | INFO     | models.pretraitement | Valeurs manquantes imputées : 1
2026-07-27 13:32:31 | INFO     | models.risque_machine | Score de risque calculé pour 42 machine(s).
2026-07-27 13:32:41 | INFO     | models.modele_ml | RandomForestClassifier entraîné : 200 arbres, 1 features
2026-07-27 13:32:41 | INFO     | models.rapport_evaluation | Évaluation : accuracy=1.000 precision=1.000 recall=1.000 f1=1.000 roc_auc=1.000
2026-07-27 13:32:42 | INFO     | models.risque_machine | Score de risque calculé pour 42 machine(s).
2026-07-27 13:32:45 | INFO     | models.risque_machine | Score de risque calculé pour 42 machine(s).
2026-07-27 13:34:23 | INFO     | models.fichier_excel | Fichier chargé : Thor_Corrective_Maintenance_Modified.xlsx (227 lignes, 4 colonnes)
2026-07-27 13:34:23 | INFO     | models.fichier_excel | JeuDonnees créé : 227 lignes, 4 colonnes
2026-07-27 13:34:26 | INFO     | models.fichier_excel | Fichier chargé : Thor_Corrective_Maintenance_Modified.xlsx (42 lignes, 2 colonnes)
2026-07-27 13:34:26 | INFO     | models.fichier_excel | JeuDonnees créé : 42 lignes, 2 colonnes
2026-07-27 13:34:41 | INFO     | models.analyse_eda | EDA : 1 colonnes numériques analysées
2026-07-27 13:35:04 | INFO     | models.modele_ml | Labels d'utilité générés (règles génériques) : {'trop_vide': 0, 'doublon': 0, 'valeur_aberrante': 4, 'non_utile_total': 4, 'utile_total': 38}
2026-07-27 13:35:04 | INFO     | models.pretraitement | Doublons supprimés : 0
2026-07-27 13:35:04 | INFO     | models.pretraitement | Valeurs manquantes imputées : 1
2026-07-27 13:35:13 | INFO     | models.risque_machine | Score de risque calculé pour 42 machine(s).
2026-07-27 13:35:22 | INFO     | models.risque_machine | Score de risque calculé pour 42 machine(s).
2026-07-27 13:35:24 | INFO     | models.modele_ml | RandomForestClassifier entraîné : 200 arbres, 1 features
2026-07-27 13:35:25 | INFO     | models.rapport_evaluation | Évaluation : accuracy=1.000 precision=1.000 recall=1.000 f1=1.000 roc_auc=1.000
2026-07-27 13:35:26 | INFO     | models.modele_ml | RandomForestClassifier entraîné : 200 arbres, 1 features
2026-07-27 13:35:27 | INFO     | models.rapport_evaluation | Évaluation : accuracy=1.000 precision=1.000 recall=1.000 f1=1.000 roc_auc=1.000
2026-07-27 13:35:27 | INFO     | models.risque_machine | Score de risque calculé pour 42 machine(s).
2026-07-27 20:46:39 | INFO     | models.fichier_excel | Fichier chargé : Thor_Corrective_Maintenance_Modified.xlsx (227 lignes, 4 colonnes)
2026-07-27 20:46:39 | INFO     | models.fichier_excel | JeuDonnees créé : 227 lignes, 4 colonnes
2026-07-27 20:46:42 | INFO     | models.fichier_excel | Fichier chargé : Thor_Corrective_Maintenance_Modified.xlsx (42 lignes, 2 colonnes)
2026-07-27 20:46:42 | INFO     | models.fichier_excel | JeuDonnees créé : 42 lignes, 2 colonnes
2026-07-27 20:46:47 | INFO     | models.analyse_eda | EDA : 1 colonnes numériques analysées
2026-07-27 20:48:10 | INFO     | models.modele_ml | Labels d'utilité générés (règles génériques) : {'trop_vide': 0, 'doublon': 0, 'valeur_aberrante': 4, 'non_utile_total': 4, 'utile_total': 38}
2026-07-27 20:48:10 | INFO     | models.pretraitement | Doublons supprimés : 0
2026-07-27 20:48:10 | INFO     | models.pretraitement | Valeurs manquantes imputées : 1
2026-07-27 20:48:37 | INFO     | models.risque_machine | Score de risque calculé pour 42 machine(s).
2026-07-27 20:48:42 | INFO     | models.risque_machine | Score de risque calculé pour 42 machine(s).
2026-07-27 20:49:11 | INFO     | models.modele_ml | RandomForestClassifier entraîné : 200 arbres, 1 features
2026-07-27 20:49:12 | INFO     | models.rapport_evaluation | Évaluation : accuracy=1.000 precision=1.000 recall=1.000 f1=1.000 roc_auc=1.000
2026-07-27 20:51:53 | INFO     | models.risque_machine | Score de risque calculé pour 42 machine(s).
2026-07-27 20:51:57 | INFO     | models.modele_ml | RandomForestClassifier entraîné : 200 arbres, 1 features
2026-07-27 20:51:57 | INFO     | models.rapport_evaluation | Évaluation : accuracy=1.000 precision=1.000 recall=1.000 f1=1.000 roc_auc=1.000
2026-07-27 20:51:57 | INFO     | models.risque_machine | Score de risque calculé pour 42 machine(s).
2026-07-27 20:52:00 | INFO     | models.risque_machine | Score de risque calculé pour 42 machine(s).
2026-07-27 20:52:02 | INFO     | models.modele_ml | GradientBoostingClassifier entraîné : 150 arbres, 1 features
2026-07-27 20:52:02 | INFO     | models.rapport_evaluation | Évaluation : accuracy=1.000 precision=1.000 recall=1.000 f1=1.000 roc_auc=1.000
2026-07-27 20:52:02 | INFO     | models.risque_machine | Score de risque calculé pour 42 machine(s).
2026-07-27 20:52:04 | INFO     | models.modele_ml | GradientBoostingClassifier entraîné : 150 arbres, 1 features
2026-07-27 20:52:04 | INFO     | models.rapport_evaluation | Évaluation : accuracy=1.000 precision=1.000 recall=1.000 f1=1.000 roc_auc=1.000
2026-07-27 20:52:04 | INFO     | models.risque_machine | Score de risque calculé pour 42 machine(s).
2026-07-27 20:52:13 | INFO     | models.risque_machine | Score de risque calculé pour 42 machine(s).
2026-07-27 20:52:20 | INFO     | models.modele_ml | LogisticRegression entraîné : 1 features
2026-07-27 20:52:20 | INFO     | models.rapport_evaluation | Évaluation : accuracy=1.000 precision=1.000 recall=1.000 f1=1.000 roc_auc=1.000
2026-07-27 20:52:20 | INFO     | models.risque_machine | Score de risque calculé pour 42 machine(s).
2026-07-27 21:00:41 | INFO     | models.fichier_excel | Fichier chargé : Thor_Corrective_Maintenance_Modified.xlsx (227 lignes, 4 colonnes)
2026-07-27 21:00:41 | INFO     | models.fichier_excel | JeuDonnees créé : 227 lignes, 4 colonnes
2026-07-27 21:00:44 | INFO     | models.fichier_excel | Fichier chargé : Thor_Corrective_Maintenance_Modified.xlsx (42 lignes, 2 colonnes)
2026-07-27 21:00:44 | INFO     | models.fichier_excel | JeuDonnees créé : 42 lignes, 2 colonnes
2026-07-27 21:00:46 | INFO     | models.analyse_eda | EDA : 1 colonnes numériques analysées
2026-07-27 21:00:57 | INFO     | models.modele_ml | Labels d'utilité générés (règles génériques) : {'trop_vide': 0, 'doublon': 0, 'valeur_aberrante': 4, 'non_utile_total': 4, 'utile_total': 38}
2026-07-27 21:00:57 | INFO     | models.pretraitement | Doublons supprimés : 0
2026-07-27 21:00:57 | INFO     | models.pretraitement | Valeurs manquantes imputées : 1
2026-07-27 21:01:02 | INFO     | models.risque_machine | Score de risque calculé pour 42 machine(s).
2026-07-27 21:01:05 | INFO     | models.modele_ml | RandomForestClassifier entraîné : 200 arbres, 1 features
2026-07-27 21:01:05 | INFO     | models.rapport_evaluation | Évaluation : accuracy=1.000 precision=1.000 recall=1.000 f1=1.000 roc_auc=1.000
2026-07-27 21:01:06 | INFO     | models.risque_machine | Score de risque calculé pour 42 machine(s).
2026-07-27 21:01:09 | INFO     | models.risque_machine | Score de risque calculé pour 42 machine(s).
2026-07-27 21:07:58 | INFO     | models.fichier_excel | Fichier chargé : Machines_Test.xlsx (59 lignes, 5 colonnes)
2026-07-27 21:07:58 | INFO     | models.fichier_excel | JeuDonnees créé : 59 lignes, 5 colonnes
2026-07-27 21:07:58 | INFO     | models.analyse_eda | EDA : 2 colonnes numériques analysées
2026-07-27 21:07:58 | INFO     | models.modele_ml | Labels d'utilité générés (règles génériques) : {'trop_vide': 10, 'doublon': 4, 'valeur_aberrante': 0, 'non_utile_total': 11, 'utile_total': 48, 'colonnes_aberrantes': []}
2026-07-27 21:07:58 | INFO     | models.pretraitement | Doublons supprimés : 4
2026-07-27 21:07:58 | INFO     | models.pretraitement | Valeurs manquantes imputées : 28
2026-07-27 21:07:58 | INFO     | models.modele_ml | RandomForestClassifier entraîné : 200 arbres, 10 features
2026-07-27 21:07:58 | INFO     | models.rapport_evaluation | Évaluation : accuracy=1.000 precision=1.000 recall=1.000 f1=1.000 roc_auc=1.000
2026-07-27 21:07:58 | INFO     | models.export_excel | Fichier nettoyé exporté : outputs\test_Machines_Test.xlsx (48 lignes utiles)
2026-07-27 21:07:58 | INFO     | models.fichier_excel | Fichier chargé : Machines_Test_Realiste.xlsx (92 lignes, 5 colonnes)
2026-07-27 21:07:58 | INFO     | models.fichier_excel | JeuDonnees créé : 92 lignes, 5 colonnes
2026-07-27 21:07:58 | INFO     | models.analyse_eda | EDA : 2 colonnes numériques analysées
2026-07-27 21:07:58 | INFO     | models.modele_ml | Labels d'utilité générés (règles génériques) : {'trop_vide': 12, 'doublon': 2, 'valeur_aberrante': 0, 'non_utile_total': 14, 'utile_total': 78, 'colonnes_aberrantes': []}
2026-07-27 21:07:58 | INFO     | models.pretraitement | Doublons supprimés : 2
2026-07-27 21:07:58 | INFO     | models.pretraitement | Valeurs manquantes imputées : 48
2026-07-27 21:07:58 | INFO     | models.modele_ml | RandomForestClassifier entraîné : 200 arbres, 10 features
2026-07-27 21:07:58 | INFO     | models.rapport_evaluation | Évaluation : accuracy=0.957 precision=0.967 recall=0.957 f1=0.959 roc_auc=1.000
2026-07-27 21:07:58 | INFO     | models.export_excel | Fichier nettoyé exporté : outputs\test_Machines_Test_Realiste.xlsx (77 lignes utiles)
2026-07-27 21:07:58 | INFO     | models.fichier_excel | Fichier chargé : Machines_Test_Realiste_2.xlsx (157 lignes, 5 colonnes)
2026-07-27 21:07:58 | INFO     | models.fichier_excel | JeuDonnees créé : 157 lignes, 5 colonnes
2026-07-27 21:07:58 | INFO     | models.analyse_eda | EDA : 2 colonnes numériques analysées
2026-07-27 21:07:58 | INFO     | models.modele_ml | Labels d'utilité générés (règles génériques) : {'trop_vide': 22, 'doublon': 5, 'valeur_aberrante': 0, 'non_utile_total': 27, 'utile_total': 130, 'colonnes_aberrantes': []}
2026-07-27 21:07:58 | INFO     | models.pretraitement | Doublons supprimés : 5
2026-07-27 21:07:58 | INFO     | models.pretraitement | Valeurs manquantes imputées : 77
2026-07-27 21:07:59 | INFO     | models.modele_ml | RandomForestClassifier entraîné : 200 arbres, 10 features
2026-07-27 21:07:59 | INFO     | models.rapport_evaluation | Évaluation : accuracy=1.000 precision=1.000 recall=1.000 f1=1.000 roc_auc=1.000
2026-07-27 21:07:59 | INFO     | models.export_excel | Fichier nettoyé exporté : outputs\test_Machines_Test_Realiste_2.xlsx (130 lignes utiles)
2026-07-27 21:07:59 | INFO     | models.fichier_excel | Fichier chargé : Machines_Test_NonOrganise.xlsx (72 lignes, 12 colonnes)
2026-07-27 21:07:59 | INFO     | models.fichier_excel | JeuDonnees créé : 72 lignes, 12 colonnes
2026-07-27 21:07:59 | INFO     | models.analyse_eda | EDA : 2 colonnes numériques analysées
2026-07-27 21:07:59 | INFO     | models.modele_ml | Labels d'utilité générés (règles génériques) : {'trop_vide': 1, 'doublon': 1, 'valeur_aberrante': 0, 'non_utile_total': 2, 'utile_total': 70, 'colonnes_aberrantes': []}
2026-07-27 21:07:59 | INFO     | models.pretraitement | Doublons supprimés : 1
2026-07-27 21:07:59 | INFO     | models.pretraitement | Valeurs manquantes imputées : 142
2026-07-27 21:07:59 | INFO     | models.modele_ml | RandomForestClassifier entraîné : 200 arbres, 31 features
2026-07-27 21:07:59 | INFO     | models.rapport_evaluation | Évaluation : accuracy=0.944 precision=1.000 recall=0.944 f1=0.971 roc_auc=0.000
2026-07-27 21:07:59 | INFO     | models.export_excel | Fichier nettoyé exporté : outputs\test_Machines_Test_NonOrganise.xlsx (69 lignes utiles)
2026-07-27 21:08:31 | INFO     | models.risque_machine | Score de risque calculé pour 42 machine(s).
2026-07-27 21:08:42 | INFO     | models.fichier_excel | Fichier chargé : Thor_Corrective_Maintenance_Modified.xlsx (227 lignes, 4 colonnes)
2026-07-27 21:08:42 | INFO     | models.fichier_excel | JeuDonnees créé : 227 lignes, 4 colonnes
2026-07-27 21:08:50 | INFO     | models.fichier_excel | Fichier chargé : Thor_Corrective_Maintenance_Modified.xlsx (42 lignes, 2 colonnes)
2026-07-27 21:08:50 | INFO     | models.fichier_excel | JeuDonnees créé : 42 lignes, 2 colonnes
2026-07-27 21:08:58 | INFO     | models.analyse_eda | EDA : 1 colonnes numériques analysées
2026-07-27 21:09:10 | INFO     | models.modele_ml | Labels d'utilité générés (règles génériques) : {'trop_vide': 0, 'doublon': 0, 'valeur_aberrante': 4, 'non_utile_total': 4, 'utile_total': 38}
2026-07-27 21:09:10 | INFO     | models.pretraitement | Doublons supprimés : 0
2026-07-27 21:09:10 | INFO     | models.pretraitement | Valeurs manquantes imputées : 1
2026-07-27 21:09:13 | INFO     | models.fichier_excel | Fichier chargé : Thor_Corrective_Maintenance_Modified.xlsx (227 lignes, 4 colonnes)
2026-07-27 21:09:13 | INFO     | models.fichier_excel | JeuDonnees créé : 227 lignes, 4 colonnes
2026-07-27 21:09:18 | INFO     | models.fichier_excel | Fichier chargé : Rapport_Analyse_Structure.xlsx (4 lignes, 2 colonnes)
2026-07-27 21:09:18 | INFO     | models.fichier_excel | JeuDonnees créé : 4 lignes, 2 colonnes
2026-07-27 21:09:47 | INFO     | models.fichier_excel | Fichier chargé : Maintenacne record & downtime 2025 Daily_Update - Copy.xlsx (198 lignes, 109 colonnes)
2026-07-27 21:09:47 | INFO     | models.fichier_excel | JeuDonnees créé : 198 lignes, 109 colonnes
2026-07-27 21:09:50 | INFO     | models.fichier_excel | Fichier chargé : Maintenacne record & downtime 2025 Daily_Update - Copy.xlsx (470 lignes, 18 colonnes)
2026-07-27 21:09:50 | INFO     | models.fichier_excel | JeuDonnees créé : 470 lignes, 18 colonnes
2026-07-27 21:10:09 | INFO     | models.analyse_eda | EDA : 4 colonnes numériques analysées
2026-07-27 21:10:33 | INFO     | models.modele_ml | Labels d'utilité générés (règles génériques) : {'trop_vide': 100, 'doublon': 1, 'valeur_aberrante': 53, 'non_utile_total': 153, 'utile_total': 317}
2026-07-27 21:10:33 | INFO     | models.pretraitement | Doublons supprimés : 1
2026-07-27 21:10:34 | INFO     | models.pretraitement | Valeurs manquantes imputées : 1846
2026-07-27 21:10:38 | INFO     | models.risque_machine | Score de risque calculé pour 4 machine(s).
2026-07-27 21:10:41 | INFO     | models.risque_machine | Score de risque calculé pour 4 machine(s).
2026-07-27 21:10:42 | INFO     | models.modele_ml | RandomForestClassifier entraîné : 200 arbres, 575 features
2026-07-27 21:10:43 | INFO     | models.rapport_evaluation | Évaluation : accuracy=0.975 precision=0.975 recall=0.975 f1=0.974 roc_auc=0.998
2026-07-27 21:10:43 | INFO     | models.risque_machine | Score de risque calculé pour 4 machine(s).
2026-07-27 21:12:33 | INFO     | models.risque_machine | Score de risque calculé pour 4 machine(s).
2026-07-27 21:19:44 | INFO     | models.fichier_excel | Fichier chargé : Thor - Corrective maintenance follow-up - Copy.xlsx (227 lignes, 12 colonnes)
2026-07-27 21:19:44 | INFO     | models.fichier_excel | JeuDonnees créé : 227 lignes, 12 colonnes
2026-07-27 21:19:46 | INFO     | models.fichier_excel | Fichier chargé : Thor - Corrective maintenance follow-up - Copy.xlsx (42 lignes, 3 colonnes)
2026-07-27 21:19:46 | INFO     | models.fichier_excel | JeuDonnees créé : 42 lignes, 3 colonnes
2026-07-27 21:19:50 | INFO     | models.analyse_eda | EDA : 2 colonnes numériques analysées
2026-07-27 21:19:58 | INFO     | models.modele_ml | Labels d'utilité générés (règles génériques) : {'trop_vide': 0, 'doublon': 0, 'valeur_aberrante': 4, 'non_utile_total': 4, 'utile_total': 38, 'colonnes_aberrantes': ["Sum of Durée de l'Arrêt\n(min)", '%']}
2026-07-27 21:19:58 | INFO     | models.pretraitement | Doublons supprimés : 0
2026-07-27 21:19:58 | INFO     | models.pretraitement | Valeurs manquantes imputées : 1
2026-07-27 21:20:23 | INFO     | models.risque_machine | Score de risque calculé pour 42 machine(s).
2026-07-27 21:20:27 | INFO     | models.risque_machine | Score de risque calculé pour 42 machine(s).
2026-07-27 21:20:28 | INFO     | models.risque_machine | Score de risque calculé pour 42 machine(s).
2026-07-27 21:20:52 | INFO     | models.risque_machine | Score de risque calculé pour 42 machine(s).
2026-07-27 21:20:54 | INFO     | models.risque_machine | Score de risque calculé pour 42 machine(s).
2026-07-27 21:24:46 | INFO     | models.risque_machine | Score de risque calculé pour 42 machine(s).
2026-07-27 21:24:48 | INFO     | models.risque_machine | Score de risque calculé pour 42 machine(s).
2026-07-27 21:24:51 | INFO     | models.risque_machine | Score de risque calculé pour 42 machine(s).
2026-07-27 21:24:54 | INFO     | models.risque_machine | Score de risque calculé pour 42 machine(s).
2026-07-27 21:24:59 | INFO     | models.risque_machine | Score de risque calculé pour 42 machine(s).
2026-07-27 21:25:00 | INFO     | models.risque_machine | Score de risque calculé pour 42 machine(s).
2026-07-27 21:25:00 | INFO     | models.risque_machine | Score de risque calculé pour 42 machine(s).
2026-07-27 21:27:20 | INFO     | models.pipeline_principal | Jeu de données créé depuis une saisie manuelle (test) : 40 lignes, 3 colonnes
2026-07-27 21:27:20 | INFO     | models.analyse_eda | EDA : 2 colonnes numériques analysées
2026-07-27 21:27:20 | INFO     | models.modele_ml | Labels d'utilité générés (règles génériques) : {'trop_vide': 0, 'doublon': 0, 'valeur_aberrante': 3, 'non_utile_total': 3, 'utile_total': 37, 'colonnes_aberrantes': ['Sum of Duree de l Arret (min)']}
2026-07-27 21:27:20 | INFO     | models.pretraitement | Doublons supprimés : 0
2026-07-27 21:27:20 | INFO     | models.pretraitement | Valeurs manquantes imputées : 0
2026-07-27 21:27:34 | INFO     | models.pipeline_principal | Jeu de données créé depuis une saisie manuelle (test) : 40 lignes, 3 colonnes
2026-07-27 21:27:34 | INFO     | models.analyse_eda | EDA : 2 colonnes numériques analysées
2026-07-27 21:27:34 | INFO     | models.modele_ml | Labels d'utilité générés (règles génériques) : {'trop_vide': 0, 'doublon': 0, 'valeur_aberrante': 3, 'non_utile_total': 3, 'utile_total': 37, 'colonnes_aberrantes': ['Sum of Duree de l Arret (min)', '%']}
2026-07-27 21:27:34 | INFO     | models.pretraitement | Doublons supprimés : 0
2026-07-27 21:27:34 | INFO     | models.pretraitement | Valeurs manquantes imputées : 0
2026-07-27 21:29:13 | INFO     | models.pipeline_principal | Jeu de données créé depuis une saisie manuelle (test) : 40 lignes, 2 colonnes
2026-07-27 21:29:13 | INFO     | models.analyse_eda | EDA : 1 colonnes numériques analysées
2026-07-27 21:29:13 | INFO     | models.modele_ml | Labels d'utilité générés (règles génériques) : {'trop_vide': 0, 'doublon': 0, 'valeur_aberrante': 3, 'non_utile_total': 3, 'utile_total': 37, 'colonnes_aberrantes': ['Sum of Duree de l Arret (min)']}
2026-07-27 21:29:13 | INFO     | models.pretraitement | Doublons supprimés : 0
2026-07-27 21:29:13 | INFO     | models.pretraitement | Valeurs manquantes imputées : 0
2026-07-27 21:29:14 | INFO     | models.modele_ml | RandomForestClassifier entraîné : 200 arbres, 41 features
2026-07-27 21:29:14 | INFO     | models.rapport_evaluation | Évaluation : accuracy=1.000 precision=1.000 recall=1.000 f1=1.000 roc_auc=1.000
2026-07-27 21:29:34 | INFO     | models.pipeline_principal | Jeu de données créé depuis une saisie manuelle (test) : 20 lignes, 1 colonnes
2026-07-27 21:29:34 | INFO     | models.analyse_eda | EDA : 0 colonnes numériques analysées
2026-07-27 21:29:34 | INFO     | models.modele_ml | Labels d'utilité générés (règles génériques) : {'trop_vide': 0, 'doublon': 0, 'valeur_aberrante': 0, 'non_utile_total': 0, 'utile_total': 20, 'colonnes_aberrantes': []}
2026-07-27 21:29:34 | INFO     | models.pretraitement | Doublons supprimés : 0
2026-07-27 21:29:34 | INFO     | models.pretraitement | Valeurs manquantes imputées : 0
2026-07-27 21:29:56 | INFO     | models.risque_machine | Score de risque calculé pour 42 machine(s).
2026-07-27 21:29:58 | INFO     | models.risque_machine | Score de risque calculé pour 42 machine(s).
2026-07-27 21:30:03 | INFO     | models.fichier_excel | Fichier chargé : Thor - Corrective maintenance follow-up - Copy.xlsx (227 lignes, 12 colonnes)
2026-07-27 21:30:03 | INFO     | models.fichier_excel | JeuDonnees créé : 227 lignes, 12 colonnes
2026-07-27 21:30:06 | INFO     | models.fichier_excel | Fichier chargé : Thor - Corrective maintenance follow-up - Copy.xlsx (42 lignes, 3 colonnes)
2026-07-27 21:30:06 | INFO     | models.fichier_excel | JeuDonnees créé : 42 lignes, 3 colonnes
2026-07-27 21:30:09 | INFO     | models.analyse_eda | EDA : 2 colonnes numériques analysées
2026-07-27 21:30:12 | INFO     | models.modele_ml | Labels d'utilité générés (règles génériques) : {'trop_vide': 0, 'doublon': 0, 'valeur_aberrante': 4, 'non_utile_total': 4, 'utile_total': 38, 'colonnes_aberrantes': ["Sum of Durée de l'Arrêt\n(min)", '%']}
2026-07-27 21:30:12 | INFO     | models.pretraitement | Doublons supprimés : 0
2026-07-27 21:30:12 | INFO     | models.pretraitement | Valeurs manquantes imputées : 1
2026-07-27 21:30:15 | INFO     | models.risque_machine | Score de risque calculé pour 42 machine(s).
2026-07-27 21:30:16 | INFO     | models.risque_machine | Score de risque calculé pour 42 machine(s).
2026-07-27 21:30:52 | INFO     | models.fichier_excel | Fichier chargé : Thor - Corrective maintenance follow-up - Copy.xlsx (227 lignes, 12 colonnes)
2026-07-27 21:30:52 | INFO     | models.fichier_excel | JeuDonnees créé : 227 lignes, 12 colonnes
2026-07-27 21:30:55 | INFO     | models.fichier_excel | Fichier chargé : Thor - Corrective maintenance follow-up - Copy.xlsx (42 lignes, 3 colonnes)
2026-07-27 21:30:55 | INFO     | models.fichier_excel | JeuDonnees créé : 42 lignes, 3 colonnes
2026-07-27 21:30:59 | INFO     | models.analyse_eda | EDA : 2 colonnes numériques analysées
2026-07-27 21:31:08 | INFO     | models.modele_ml | Labels d'utilité générés (règles génériques) : {'trop_vide': 0, 'doublon': 0, 'valeur_aberrante': 4, 'non_utile_total': 4, 'utile_total': 38, 'colonnes_aberrantes': ["Sum of Durée de l'Arrêt\n(min)", '%']}
2026-07-27 21:31:08 | INFO     | models.pretraitement | Doublons supprimés : 0
2026-07-27 21:31:08 | INFO     | models.pretraitement | Valeurs manquantes imputées : 1
2026-07-27 21:31:15 | INFO     | models.risque_machine | Score de risque calculé pour 42 machine(s).
2026-07-27 21:31:21 | INFO     | models.modele_ml | RandomForestClassifier entraîné : 200 arbres, 44 features
2026-07-27 21:31:21 | INFO     | models.rapport_evaluation | Évaluation : accuracy=1.000 precision=1.000 recall=1.000 f1=1.000 roc_auc=1.000
2026-07-27 21:31:22 | INFO     | models.risque_machine | Score de risque calculé pour 42 machine(s).
2026-07-27 21:31:24 | INFO     | models.risque_machine | Score de risque calculé pour 42 machine(s).
2026-07-27 21:31:26 | INFO     | models.modele_ml | GradientBoostingClassifier entraîné : 150 arbres, 44 features
2026-07-27 21:31:26 | INFO     | models.rapport_evaluation | Évaluation : accuracy=1.000 precision=1.000 recall=1.000 f1=1.000 roc_auc=1.000
2026-07-27 21:31:27 | INFO     | models.risque_machine | Score de risque calculé pour 42 machine(s).
2026-07-27 21:31:28 | INFO     | models.modele_ml | GradientBoostingClassifier entraîné : 150 arbres, 44 features
2026-07-27 21:31:28 | INFO     | models.rapport_evaluation | Évaluation : accuracy=1.000 precision=1.000 recall=1.000 f1=1.000 roc_auc=1.000
2026-07-27 21:31:29 | INFO     | models.risque_machine | Score de risque calculé pour 42 machine(s).
2026-07-27 21:31:45 | INFO     | models.risque_machine | Score de risque calculé pour 42 machine(s).
2026-07-27 21:31:45 | INFO     | models.modele_ml | SVC entraîné : noyau=rbf, 44 features
2026-07-27 21:31:45 | INFO     | models.rapport_evaluation | Évaluation : accuracy=1.000 precision=1.000 recall=1.000 f1=1.000 roc_auc=1.000
2026-07-27 21:31:46 | INFO     | models.risque_machine | Score de risque calculé pour 42 machine(s).
2026-07-27 21:31:47 | INFO     | models.modele_ml | SVC entraîné : noyau=rbf, 44 features
2026-07-27 21:31:47 | INFO     | models.rapport_evaluation | Évaluation : accuracy=1.000 precision=1.000 recall=1.000 f1=1.000 roc_auc=1.000
2026-07-27 21:31:49 | INFO     | models.modele_ml | SVC entraîné : noyau=rbf, 44 features
2026-07-27 21:31:49 | INFO     | models.rapport_evaluation | Évaluation : accuracy=1.000 precision=1.000 recall=1.000 f1=1.000 roc_auc=1.000
2026-07-27 21:31:49 | INFO     | models.risque_machine | Score de risque calculé pour 42 machine(s).
2026-07-27 21:32:03 | INFO     | models.fichier_excel | Fichier chargé : Thor - Corrective maintenance follow-up - Copy.xlsx (227 lignes, 12 colonnes)
2026-07-27 21:32:03 | INFO     | models.fichier_excel | JeuDonnees créé : 227 lignes, 12 colonnes
2026-07-27 21:32:13 | INFO     | models.fichier_excel | Fichier chargé : Maintenacne record & downtime 2025 Daily_Update - Copy.xlsx (198 lignes, 109 colonnes)
2026-07-27 21:32:13 | INFO     | models.fichier_excel | JeuDonnees créé : 198 lignes, 109 colonnes
2026-07-27 21:32:24 | INFO     | models.fichier_excel | Fichier chargé : Maintenacne record & downtime 2025 Daily_Update - Copy.xlsx (222 lignes, 361 colonnes)
2026-07-27 21:32:24 | INFO     | models.fichier_excel | JeuDonnees créé : 222 lignes, 361 colonnes
2026-07-27 21:32:36 | INFO     | models.fichier_excel | Fichier chargé : Maintenacne record & downtime 2025 Daily_Update - Copy.xlsx (368 lignes, 14 colonnes)
2026-07-27 21:32:36 | INFO     | models.fichier_excel | JeuDonnees créé : 368 lignes, 14 colonnes
2026-07-27 21:32:38 | INFO     | models.fichier_excel | Fichier chargé : Maintenacne record & downtime 2025 Daily_Update - Copy.xlsx (198 lignes, 109 colonnes)
2026-07-27 21:32:38 | INFO     | models.fichier_excel | JeuDonnees créé : 198 lignes, 109 colonnes
2026-07-27 21:32:40 | INFO     | models.fichier_excel | Fichier chargé : Maintenacne record & downtime 2025 Daily_Update - Copy.xlsx (368 lignes, 14 colonnes)
2026-07-27 21:32:40 | INFO     | models.fichier_excel | JeuDonnees créé : 368 lignes, 14 colonnes
2026-07-27 21:32:45 | INFO     | models.fichier_excel | Fichier chargé : Thor - Corrective maintenance follow-up - Copy.xlsx (227 lignes, 12 colonnes)
2026-07-27 21:32:45 | INFO     | models.fichier_excel | JeuDonnees créé : 227 lignes, 12 colonnes
2026-07-27 21:32:48 | INFO     | models.fichier_excel | Fichier chargé : Thor - Corrective maintenance follow-up - Copy.xlsx (42 lignes, 3 colonnes)
2026-07-27 21:32:48 | INFO     | models.fichier_excel | JeuDonnees créé : 42 lignes, 3 colonnes
2026-07-27 21:32:54 | INFO     | models.analyse_eda | EDA : 2 colonnes numériques analysées
2026-07-27 21:33:15 | INFO     | models.modele_ml | Labels d'utilité générés (règles génériques) : {'trop_vide': 0, 'doublon': 0, 'valeur_aberrante': 4, 'non_utile_total': 4, 'utile_total': 38, 'colonnes_aberrantes': ["Sum of Durée de l'Arrêt\n(min)", '%']}
2026-07-27 21:33:15 | INFO     | models.pretraitement | Doublons supprimés : 0
2026-07-27 21:33:15 | INFO     | models.pretraitement | Valeurs manquantes imputées : 1
2026-07-27 21:33:18 | INFO     | models.risque_machine | Score de risque calculé pour 42 machine(s).
2026-07-27 21:33:22 | INFO     | models.modele_ml | RandomForestClassifier entraîné : 200 arbres, 44 features
2026-07-27 21:33:22 | INFO     | models.rapport_evaluation | Évaluation : accuracy=1.000 precision=1.000 recall=1.000 f1=1.000 roc_auc=1.000
2026-07-27 21:33:22 | INFO     | models.risque_machine | Score de risque calculé pour 42 machine(s).
2026-07-27 21:33:23 | INFO     | models.risque_machine | Score de risque calculé pour 42 machine(s).
2026-07-29 09:41:54 | INFO     | models.fichier_excel | Fichier chargé : Thor - Corrective maintenance follow-up.xlsx (0 lignes, 0 colonnes)
2026-07-29 09:41:54 | INFO     | models.fichier_excel | JeuDonnees créé : 0 lignes, 0 colonnes
2026-07-29 09:41:57 | INFO     | models.fichier_excel | Fichier chargé : Thor - Corrective maintenance follow-up.xlsx (42 lignes, 3 colonnes)
2026-07-29 09:41:57 | INFO     | models.fichier_excel | JeuDonnees créé : 42 lignes, 3 colonnes
2026-07-29 09:42:03 | INFO     | models.analyse_eda | EDA : 2 colonnes numériques analysées
2026-07-29 09:42:31 | INFO     | models.modele_ml | Labels d'utilité générés (règles génériques) : {'trop_vide': 0, 'doublon': 0, 'valeur_aberrante': 4, 'non_utile_total': 4, 'utile_total': 38, 'colonnes_aberrantes': ["Sum of Durée de l'Arrêt\n(min)", '%']}
2026-07-29 09:42:31 | INFO     | models.pretraitement | Doublons supprimés : 0
2026-07-29 09:42:31 | INFO     | models.pretraitement | Valeurs manquantes imputées : 1
2026-07-29 09:42:39 | INFO     | models.risque_machine | Score de risque calculé pour 42 machine(s).
2026-07-29 09:42:44 | INFO     | models.modele_ml | RandomForestClassifier entraîné : 200 arbres, 44 features
2026-07-29 09:42:44 | INFO     | models.rapport_evaluation | Évaluation : accuracy=1.000 precision=1.000 recall=1.000 f1=1.000 roc_auc=1.000
2026-07-29 09:42:45 | INFO     | models.risque_machine | Score de risque calculé pour 42 machine(s).
2026-07-29 09:42:46 | INFO     | models.modele_ml | RandomForestClassifier entraîné : 200 arbres, 44 features
2026-07-29 09:42:46 | INFO     | models.rapport_evaluation | Évaluation : accuracy=1.000 precision=1.000 recall=1.000 f1=1.000 roc_auc=1.000
2026-07-29 09:42:47 | INFO     | models.risque_machine | Score de risque calculé pour 42 machine(s).
2026-07-29 09:42:49 | INFO     | models.risque_machine | Score de risque calculé pour 42 machine(s).
2026-07-29 09:42:52 | INFO     | models.modele_ml | LogisticRegression entraîné : 44 features
2026-07-29 09:42:52 | INFO     | models.rapport_evaluation | Évaluation : accuracy=1.000 precision=1.000 recall=1.000 f1=1.000 roc_auc=1.000
2026-07-29 09:42:52 | INFO     | models.risque_machine | Score de risque calculé pour 42 machine(s).
2026-07-29 09:43:22 | INFO     | models.risque_machine | Score de risque calculé pour 42 machine(s).
2026-07-29 09:43:24 | INFO     | models.modele_ml | GradientBoostingClassifier entraîné : 150 arbres, 44 features
2026-07-29 09:43:24 | INFO     | models.rapport_evaluation | Évaluation : accuracy=1.000 precision=1.000 recall=1.000 f1=1.000 roc_auc=1.000
2026-07-29 09:43:25 | INFO     | models.risque_machine | Score de risque calculé pour 42 machine(s).
2026-07-29 10:12:59 | INFO     | models.fichier_excel | Fichier chargé : Machines_Test.xlsx (59 lignes, 5 colonnes)
2026-07-29 10:12:59 | INFO     | models.fichier_excel | JeuDonnees créé : 59 lignes, 5 colonnes
2026-07-29 10:12:59 | INFO     | models.analyse_eda | EDA : 2 colonnes numériques analysées
2026-07-29 10:12:59 | INFO     | models.modele_ml | Labels d'utilité générés (règles génériques) : {'trop_vide': 10, 'doublon': 4, 'valeur_aberrante': 0, 'non_utile_total': 11, 'utile_total': 48, 'colonnes_aberrantes': []}
2026-07-29 10:12:59 | INFO     | models.pretraitement | Doublons supprimés : 4
2026-07-29 10:12:59 | INFO     | models.pretraitement | Valeurs manquantes imputées : 28
2026-07-29 10:12:59 | INFO     | models.modele_ml | RandomForestClassifier entraîné : 200 arbres, 10 features
2026-07-29 10:12:59 | INFO     | models.rapport_evaluation | Évaluation : accuracy=1.000 precision=1.000 recall=1.000 f1=1.000 roc_auc=1.000
2026-07-29 10:13:20 | INFO     | models.fichier_excel | Fichier chargé : x.xlsx (59 lignes, 5 colonnes)
2026-07-29 10:13:20 | INFO     | models.fichier_excel | JeuDonnees créé : 59 lignes, 5 colonnes
2026-07-29 10:13:20 | INFO     | models.analyse_eda | EDA : 2 colonnes numériques analysées
2026-07-29 10:13:20 | INFO     | models.modele_ml | Labels d'utilité générés (règles génériques) : {'trop_vide': 10, 'doublon': 4, 'valeur_aberrante': 0, 'non_utile_total': 11, 'utile_total': 48, 'colonnes_aberrantes': []}
2026-07-29 10:13:20 | INFO     | models.pretraitement | Doublons supprimés : 4
2026-07-29 10:13:20 | INFO     | models.pretraitement | Valeurs manquantes imputées : 28
2026-07-29 10:13:21 | INFO     | models.modele_ml | RandomForestClassifier entraîné : 200 arbres, 10 features
2026-07-29 10:13:21 | INFO     | models.rapport_evaluation | Évaluation : accuracy=1.000 precision=1.000 recall=1.000 f1=1.000 roc_auc=1.000
2026-07-29 10:13:23 | INFO     | models.fichier_excel | Fichier chargé : x.xlsx (72 lignes, 12 colonnes)
2026-07-29 10:13:23 | INFO     | models.fichier_excel | JeuDonnees créé : 72 lignes, 12 colonnes
2026-07-29 10:13:23 | INFO     | models.analyse_eda | EDA : 2 colonnes numériques analysées
2026-07-29 10:13:23 | INFO     | models.modele_ml | Labels d'utilité générés (règles génériques) : {'trop_vide': 1, 'doublon': 1, 'valeur_aberrante': 0, 'non_utile_total': 2, 'utile_total': 70, 'colonnes_aberrantes': []}
2026-07-29 10:13:23 | INFO     | models.pretraitement | Doublons supprimés : 1
2026-07-29 10:13:23 | INFO     | models.pretraitement | Valeurs manquantes imputées : 142
2026-07-29 10:13:23 | INFO     | models.modele_ml | RandomForestClassifier entraîné : 200 arbres, 31 features
2026-07-29 10:13:23 | INFO     | models.rapport_evaluation | Évaluation : accuracy=0.944 precision=1.000 recall=0.944 f1=0.971 roc_auc=0.000
2026-07-29 10:13:26 | INFO     | models.fichier_excel | Fichier chargé : x.xlsx (92 lignes, 5 colonnes)
2026-07-29 10:13:26 | INFO     | models.fichier_excel | JeuDonnees créé : 92 lignes, 5 colonnes
2026-07-29 10:13:26 | INFO     | models.analyse_eda | EDA : 2 colonnes numériques analysées
2026-07-29 10:13:26 | INFO     | models.modele_ml | Labels d'utilité générés (règles génériques) : {'trop_vide': 12, 'doublon': 2, 'valeur_aberrante': 0, 'non_utile_total': 14, 'utile_total': 78, 'colonnes_aberrantes': []}
2026-07-29 10:13:26 | INFO     | models.pretraitement | Doublons supprimés : 2
2026-07-29 10:13:26 | INFO     | models.pretraitement | Valeurs manquantes imputées : 48
2026-07-29 10:13:26 | INFO     | models.modele_ml | RandomForestClassifier entraîné : 200 arbres, 10 features
2026-07-29 10:13:26 | INFO     | models.rapport_evaluation | Évaluation : accuracy=0.957 precision=0.967 recall=0.957 f1=0.959 roc_auc=1.000
2026-07-29 10:13:29 | INFO     | models.fichier_excel | Fichier chargé : x.xlsx (157 lignes, 5 colonnes)
2026-07-29 10:13:29 | INFO     | models.fichier_excel | JeuDonnees créé : 157 lignes, 5 colonnes
2026-07-29 10:13:29 | INFO     | models.analyse_eda | EDA : 2 colonnes numériques analysées
2026-07-29 10:13:29 | INFO     | models.modele_ml | Labels d'utilité générés (règles génériques) : {'trop_vide': 22, 'doublon': 5, 'valeur_aberrante': 0, 'non_utile_total': 27, 'utile_total': 130, 'colonnes_aberrantes': []}
2026-07-29 10:13:29 | INFO     | models.pretraitement | Doublons supprimés : 5
2026-07-29 10:13:29 | INFO     | models.pretraitement | Valeurs manquantes imputées : 77
2026-07-29 10:13:29 | INFO     | models.modele_ml | RandomForestClassifier entraîné : 200 arbres, 10 features
2026-07-29 10:13:29 | INFO     | models.rapport_evaluation | Évaluation : accuracy=1.000 precision=1.000 recall=1.000 f1=1.000 roc_auc=1.000
2026-07-29 10:14:21 | INFO     | models.modele_ml | Labels d'utilité générés (règles génériques) : {'trop_vide': 0, 'doublon': 0, 'valeur_aberrante': 0, 'non_utile_total': 0, 'utile_total': 30, 'colonnes_aberrantes': []}
2026-07-29 10:14:21 | INFO     | models.pretraitement | Doublons supprimés : 0
2026-07-29 10:14:21 | INFO     | models.pretraitement | Valeurs manquantes imputées : 36
2026-07-29 10:14:21 | INFO     | models.modele_ml | Labels d'utilité générés (règles génériques) : {'trop_vide': 1, 'doublon': 0, 'valeur_aberrante': 0, 'non_utile_total': 1, 'utile_total': 9, 'colonnes_aberrantes': []}
2026-07-29 10:14:21 | INFO     | models.pretraitement | Doublons supprimés : 0
2026-07-29 10:14:21 | INFO     | models.pretraitement | Valeurs manquantes imputées : 14
2026-07-29 10:14:21 | INFO     | models.modele_ml | RandomForestClassifier entraîné : 50 arbres, 10 features
2026-07-29 10:14:21 | INFO     | models.rapport_evaluation | Évaluation : accuracy=0.667 precision=1.000 recall=0.667 f1=0.800 roc_auc=0.000
2026-07-29 10:14:21 | INFO     | models.modele_ml | Labels d'utilité générés (règles génériques) : {'trop_vide': 0, 'doublon': 0, 'valeur_aberrante': 0, 'non_utile_total': 0, 'utile_total': 6, 'colonnes_aberrantes': []}
2026-07-29 10:14:21 | INFO     | models.pretraitement | Doublons supprimés : 0
2026-07-29 10:14:21 | INFO     | models.pretraitement | Valeurs manquantes imputées : 1
2026-07-29 10:14:22 | INFO     | models.modele_ml | Labels d'utilité générés (règles génériques) : {'trop_vide': 0, 'doublon': 3, 'valeur_aberrante': 0, 'non_utile_total': 3, 'utile_total': 27, 'colonnes_aberrantes': []}
2026-07-29 10:14:22 | INFO     | models.pretraitement | Doublons supprimés : 3
2026-07-29 10:14:22 | INFO     | models.pretraitement | Valeurs manquantes imputées : 4
2026-07-29 10:14:22 | INFO     | models.modele_ml | Labels d'utilité générés (règles génériques) : {'trop_vide': 1, 'doublon': 0, 'valeur_aberrante': 0, 'non_utile_total': 1, 'utile_total': 14, 'colonnes_aberrantes': []}
2026-07-29 10:14:22 | INFO     | models.pretraitement | Doublons supprimés : 0
2026-07-29 10:14:22 | INFO     | models.pretraitement | Valeurs manquantes imputées : 11
2026-07-29 10:14:22 | INFO     | models.modele_ml | RandomForestClassifier entraîné : 50 arbres, 4 features
2026-07-29 10:14:22 | INFO     | models.rapport_evaluation | Évaluation : accuracy=0.750 precision=1.000 recall=0.750 f1=0.857 roc_auc=0.000
2026-07-29 10:14:22 | INFO     | models.modele_ml | Labels d'utilité générés (règles génériques) : {'trop_vide': 0, 'doublon': 2, 'valeur_aberrante': 0, 'non_utile_total': 2, 'utile_total': 18, 'colonnes_aberrantes': []}
2026-07-29 10:14:22 | INFO     | models.pretraitement | Doublons supprimés : 2
2026-07-29 10:14:22 | INFO     | models.pretraitement | Valeurs manquantes imputées : 2
2026-07-29 10:14:22 | INFO     | models.modele_ml | Labels d'utilité générés (règles génériques) : {'trop_vide': 0, 'doublon': 0, 'valeur_aberrante': 0, 'non_utile_total': 0, 'utile_total': 10, 'colonnes_aberrantes': []}
2026-07-29 10:14:22 | INFO     | models.pretraitement | Doublons supprimés : 0
2026-07-29 10:14:22 | INFO     | models.pretraitement | Valeurs manquantes imputées : 2
2026-07-29 10:14:22 | INFO     | models.modele_ml | Labels d'utilité générés (règles génériques) : {'trop_vide': 0, 'doublon': 0, 'valeur_aberrante': 0, 'non_utile_total': 0, 'utile_total': 10, 'colonnes_aberrantes': []}
2026-07-29 10:14:22 | INFO     | models.pretraitement | Doublons supprimés : 0
2026-07-29 10:14:22 | INFO     | models.pretraitement | Valeurs manquantes imputées : 4
2026-07-29 10:14:22 | INFO     | models.modele_ml | Labels d'utilité générés (règles génériques) : {'trop_vide': 0, 'doublon': 5, 'valeur_aberrante': 0, 'non_utile_total': 5, 'utile_total': 5, 'colonnes_aberrantes': []}
2026-07-29 10:14:22 | INFO     | models.pretraitement | Doublons supprimés : 5
2026-07-29 10:14:22 | INFO     | models.pretraitement | Valeurs manquantes imputées : 4
2026-07-29 10:14:22 | INFO     | models.modele_ml | Labels d'utilité générés (règles génériques) : {'trop_vide': 1, 'doublon': 0, 'valeur_aberrante': 0, 'non_utile_total': 1, 'utile_total': 4, 'colonnes_aberrantes': []}
2026-07-29 10:14:22 | INFO     | models.pretraitement | Doublons supprimés : 0
2026-07-29 10:14:22 | INFO     | models.pretraitement | Valeurs manquantes imputées : 3
2026-07-29 10:14:22 | INFO     | models.modele_ml | RandomForestClassifier entraîné : 50 arbres, 2 features
2026-07-29 10:14:22 | INFO     | models.rapport_evaluation | Évaluation : accuracy=1.000 precision=1.000 recall=1.000 f1=1.000 roc_auc=0.000
2026-07-29 10:14:22 | INFO     | models.modele_ml | Labels d'utilité générés (règles génériques) : {'trop_vide': 0, 'doublon': 3, 'valeur_aberrante': 0, 'non_utile_total': 3, 'utile_total': 3, 'colonnes_aberrantes': []}
2026-07-29 10:14:22 | INFO     | models.pretraitement | Doublons supprimés : 3
2026-07-29 10:14:22 | INFO     | models.pretraitement | Valeurs manquantes imputées : 2
2026-07-29 10:14:22 | INFO     | models.modele_ml | Labels d'utilité générés (règles génériques) : {'trop_vide': 0, 'doublon': 0, 'valeur_aberrante': 0, 'non_utile_total': 0, 'utile_total': 6, 'colonnes_aberrantes': []}
2026-07-29 10:14:22 | INFO     | models.pretraitement | Doublons supprimés : 0
2026-07-29 10:14:22 | INFO     | models.pretraitement | Valeurs manquantes imputées : 2
2026-07-29 10:14:22 | INFO     | models.modele_ml | Labels d'utilité générés (règles génériques) : {'trop_vide': 1, 'doublon': 1, 'valeur_aberrante': 0, 'non_utile_total': 2, 'utile_total': 6, 'colonnes_aberrantes': []}
2026-07-29 10:14:22 | INFO     | models.pretraitement | Doublons supprimés : 1
2026-07-29 10:14:22 | INFO     | models.pretraitement | Valeurs manquantes imputées : 8
2026-07-29 10:14:22 | INFO     | models.modele_ml | RandomForestClassifier entraîné : 50 arbres, 7 features
2026-07-29 10:14:22 | INFO     | models.rapport_evaluation | Évaluation : accuracy=0.000 precision=0.000 recall=0.000 f1=0.000 roc_auc=0.000
2026-07-29 10:14:22 | INFO     | models.modele_ml | Labels d'utilité générés (règles génériques) : {'trop_vide': 0, 'doublon': 3, 'valeur_aberrante': 0, 'non_utile_total': 3, 'utile_total': 17, 'colonnes_aberrantes': []}
2026-07-29 10:14:22 | INFO     | models.pretraitement | Doublons supprimés : 3
2026-07-29 10:14:22 | INFO     | models.pretraitement | Valeurs manquantes imputées : 1
2026-07-29 10:14:22 | INFO     | models.modele_ml | Labels d'utilité générés (règles génériques) : {'trop_vide': 3, 'doublon': 2, 'valeur_aberrante': 0, 'non_utile_total': 5, 'utile_total': 25, 'colonnes_aberrantes': []}
2026-07-29 10:14:22 | INFO     | models.pretraitement | Doublons supprimés : 2
2026-07-29 10:14:22 | INFO     | models.pretraitement | Valeurs manquantes imputées : 12
2026-07-29 10:14:22 | INFO     | models.modele_ml | RandomForestClassifier entraîné : 50 arbres, 5 features
2026-07-29 10:14:22 | INFO     | models.rapport_evaluation | Évaluation : accuracy=0.714 precision=0.714 recall=0.714 f1=0.714 roc_auc=0.500
2026-07-29 10:14:22 | INFO     | models.modele_ml | Labels d'utilité générés (règles génériques) : {'trop_vide': 0, 'doublon': 0, 'valeur_aberrante': 0, 'non_utile_total': 0, 'utile_total': 5, 'colonnes_aberrantes': []}
2026-07-29 10:14:22 | INFO     | models.pretraitement | Doublons supprimés : 0
2026-07-29 10:14:22 | INFO     | models.pretraitement | Valeurs manquantes imputées : 3
2026-07-29 10:14:22 | INFO     | models.modele_ml | Labels d'utilité générés (règles génériques) : {'trop_vide': 0, 'doublon': 0, 'valeur_aberrante': 0, 'non_utile_total': 0, 'utile_total': 6, 'colonnes_aberrantes': []}
2026-07-29 10:14:22 | INFO     | models.pretraitement | Doublons supprimés : 0
2026-07-29 10:14:22 | INFO     | models.pretraitement | Valeurs manquantes imputées : 3
2026-07-29 10:14:22 | INFO     | models.modele_ml | Labels d'utilité générés (règles génériques) : {'trop_vide': 0, 'doublon': 0, 'valeur_aberrante': 0, 'non_utile_total': 0, 'utile_total': 15, 'colonnes_aberrantes': []}
2026-07-29 10:14:22 | INFO     | models.pretraitement | Doublons supprimés : 0
2026-07-29 10:14:22 | INFO     | models.pretraitement | Valeurs manquantes imputées : 19
2026-07-29 10:14:22 | INFO     | models.modele_ml | Labels d'utilité générés (règles génériques) : {'trop_vide': 1, 'doublon': 8, 'valeur_aberrante': 0, 'non_utile_total': 9, 'utile_total': 11, 'colonnes_aberrantes': []}
2026-07-29 10:14:22 | INFO     | models.pretraitement | Doublons supprimés : 8
2026-07-29 10:14:22 | INFO     | models.pretraitement | Valeurs manquantes imputées : 5
2026-07-29 10:14:22 | INFO     | models.modele_ml | RandomForestClassifier entraîné : 50 arbres, 3 features
2026-07-29 10:14:22 | INFO     | models.rapport_evaluation | Évaluation : accuracy=1.000 precision=1.000 recall=1.000 f1=1.000 roc_auc=0.000
2026-07-29 10:14:22 | INFO     | models.modele_ml | Labels d'utilité générés (règles génériques) : {'trop_vide': 3, 'doublon': 0, 'valeur_aberrante': 0, 'non_utile_total': 3, 'utile_total': 27, 'colonnes_aberrantes': []}
2026-07-29 10:14:22 | INFO     | models.pretraitement | Doublons supprimés : 0
2026-07-29 10:14:22 | INFO     | models.pretraitement | Valeurs manquantes imputées : 16
2026-07-29 10:14:22 | INFO     | models.modele_ml | RandomForestClassifier entraîné : 50 arbres, 3 features
2026-07-29 10:14:22 | INFO     | models.rapport_evaluation | Évaluation : accuracy=0.750 precision=0.917 recall=0.750 f1=0.792 roc_auc=0.786
2026-07-29 10:14:22 | INFO     | models.modele_ml | Labels d'utilité générés (règles génériques) : {'trop_vide': 6, 'doublon': 4, 'valeur_aberrante': 0, 'non_utile_total': 9, 'utile_total': 21, 'colonnes_aberrantes': []}
2026-07-29 10:14:22 | INFO     | models.pretraitement | Doublons supprimés : 4
2026-07-29 10:14:22 | INFO     | models.pretraitement | Valeurs manquantes imputées : 19
2026-07-29 10:14:22 | INFO     | models.modele_ml | RandomForestClassifier entraîné : 50 arbres, 5 features
2026-07-29 10:14:22 | INFO     | models.rapport_evaluation | Évaluation : accuracy=0.714 precision=0.905 recall=0.714 f1=0.757 roc_auc=0.917
2026-07-29 10:14:22 | INFO     | models.modele_ml | Labels d'utilité générés (règles génériques) : {'trop_vide': 1, 'doublon': 0, 'valeur_aberrante': 0, 'non_utile_total': 1, 'utile_total': 14, 'colonnes_aberrantes': []}
2026-07-29 10:14:22 | INFO     | models.pretraitement | Doublons supprimés : 0
2026-07-29 10:14:22 | INFO     | models.pretraitement | Valeurs manquantes imputées : 14
2026-07-29 10:14:22 | INFO     | models.modele_ml | RandomForestClassifier entraîné : 50 arbres, 10 features
2026-07-29 10:14:22 | INFO     | models.rapport_evaluation | Évaluation : accuracy=0.750 precision=1.000 recall=0.750 f1=0.857 roc_auc=0.000
2026-07-29 10:14:22 | INFO     | models.modele_ml | Labels d'utilité générés (règles génériques) : {'trop_vide': 2, 'doublon': 10, 'valeur_aberrante': 0, 'non_utile_total': 11, 'utile_total': 9, 'colonnes_aberrantes': []}
2026-07-29 10:14:22 | INFO     | models.pretraitement | Doublons supprimés : 10
2026-07-29 10:14:22 | INFO     | models.pretraitement | Valeurs manquantes imputées : 6
2026-07-29 10:14:22 | INFO     | models.modele_ml | RandomForestClassifier entraîné : 50 arbres, 5 features
2026-07-29 10:14:22 | INFO     | models.rapport_evaluation | Évaluation : accuracy=0.500 precision=1.000 recall=0.500 f1=0.667 roc_auc=0.000
2026-07-29 10:14:22 | INFO     | models.modele_ml | Labels d'utilité générés (règles génériques) : {'trop_vide': 1, 'doublon': 0, 'valeur_aberrante': 0, 'non_utile_total': 1, 'utile_total': 4, 'colonnes_aberrantes': []}
2026-07-29 10:14:22 | INFO     | models.pretraitement | Doublons supprimés : 0
2026-07-29 10:14:22 | INFO     | models.pretraitement | Valeurs manquantes imputées : 8
2026-07-29 10:14:22 | INFO     | models.modele_ml | RandomForestClassifier entraîné : 50 arbres, 8 features
2026-07-29 10:14:22 | INFO     | models.rapport_evaluation | Évaluation : accuracy=1.000 precision=1.000 recall=1.000 f1=1.000 roc_auc=0.000
2026-07-29 10:14:22 | INFO     | models.modele_ml | Labels d'utilité générés (règles génériques) : {'trop_vide': 3, 'doublon': 12, 'valeur_aberrante': 0, 'non_utile_total': 13, 'utile_total': 7, 'colonnes_aberrantes': []}
2026-07-29 10:14:22 | INFO     | models.pretraitement | Doublons supprimés : 12
2026-07-29 10:14:22 | INFO     | models.pretraitement | Valeurs manquantes imputées : 6
2026-07-29 10:14:22 | INFO     | models.modele_ml | RandomForestClassifier entraîné : 50 arbres, 4 features
2026-07-29 10:14:22 | INFO     | models.rapport_evaluation | Évaluation : accuracy=0.500 precision=1.000 recall=0.500 f1=0.667 roc_auc=0.000
2026-07-29 10:14:22 | INFO     | models.modele_ml | Labels d'utilité générés (règles génériques) : {'trop_vide': 0, 'doublon': 0, 'valeur_aberrante': 0, 'non_utile_total': 0, 'utile_total': 8, 'colonnes_aberrantes': []}
2026-07-29 10:14:22 | INFO     | models.pretraitement | Doublons supprimés : 0
2026-07-29 10:14:22 | INFO     | models.pretraitement | Valeurs manquantes imputées : 4
2026-07-29 10:14:22 | INFO     | models.modele_ml | Labels d'utilité générés (règles génériques) : {'trop_vide': 0, 'doublon': 9, 'valeur_aberrante': 0, 'non_utile_total': 9, 'utile_total': 21, 'colonnes_aberrantes': []}
2026-07-29 10:14:22 | INFO     | models.pretraitement | Doublons supprimés : 9
2026-07-29 10:14:22 | INFO     | models.pretraitement | Valeurs manquantes imputées : 7
2026-07-29 10:14:22 | INFO     | models.modele_ml | Labels d'utilité générés (règles génériques) : {'trop_vide': 1, 'doublon': 1, 'valeur_aberrante': 0, 'non_utile_total': 2, 'utile_total': 3, 'colonnes_aberrantes': []}
2026-07-29 10:14:22 | INFO     | models.pretraitement | Doublons supprimés : 1
2026-07-29 10:14:22 | INFO     | models.pretraitement | Valeurs manquantes imputées : 1
2026-07-29 10:14:22 | INFO     | models.modele_ml | RandomForestClassifier entraîné : 50 arbres, 3 features
2026-07-29 10:14:22 | INFO     | models.rapport_evaluation | Évaluation : accuracy=1.000 precision=1.000 recall=1.000 f1=1.000 roc_auc=0.000
2026-07-29 10:14:22 | INFO     | models.modele_ml | Labels d'utilité générés (règles génériques) : {'trop_vide': 0, 'doublon': 1, 'valeur_aberrante': 0, 'non_utile_total': 1, 'utile_total': 4, 'colonnes_aberrantes': []}
2026-07-29 10:14:23 | INFO     | models.pretraitement | Doublons supprimés : 1
2026-07-29 10:14:23 | INFO     | models.pretraitement | Valeurs manquantes imputées : 2
2026-07-29 10:14:23 | INFO     | models.modele_ml | Labels d'utilité générés (règles génériques) : {'trop_vide': 1, 'doublon': 0, 'valeur_aberrante': 0, 'non_utile_total': 1, 'utile_total': 4, 'colonnes_aberrantes': []}
2026-07-29 10:14:23 | INFO     | models.pretraitement | Doublons supprimés : 0
2026-07-29 10:14:23 | INFO     | models.pretraitement | Valeurs manquantes imputées : 3
2026-07-29 10:14:23 | INFO     | models.modele_ml | RandomForestClassifier entraîné : 50 arbres, 3 features
2026-07-29 10:14:23 | INFO     | models.rapport_evaluation | Évaluation : accuracy=0.000 precision=0.000 recall=0.000 f1=0.000 roc_auc=0.000
2026-07-29 10:14:23 | INFO     | models.modele_ml | Labels d'utilité générés (règles génériques) : {'trop_vide': 0, 'doublon': 0, 'valeur_aberrante': 0, 'non_utile_total': 0, 'utile_total': 5, 'colonnes_aberrantes': []}
2026-07-29 10:14:23 | INFO     | models.pretraitement | Doublons supprimés : 0
2026-07-29 10:14:23 | INFO     | models.pretraitement | Valeurs manquantes imputées : 5
2026-07-29 10:14:23 | INFO     | models.modele_ml | Labels d'utilité générés (règles génériques) : {'trop_vide': 0, 'doublon': 0, 'valeur_aberrante': 0, 'non_utile_total': 0, 'utile_total': 5, 'colonnes_aberrantes': []}
2026-07-29 10:14:23 | INFO     | models.pretraitement | Doublons supprimés : 0
2026-07-29 10:14:23 | INFO     | models.pretraitement | Valeurs manquantes imputées : 3
2026-07-29 10:14:23 | INFO     | models.modele_ml | Labels d'utilité générés (règles génériques) : {'trop_vide': 0, 'doublon': 0, 'valeur_aberrante': 0, 'non_utile_total': 0, 'utile_total': 5, 'colonnes_aberrantes': []}
2026-07-29 10:14:23 | INFO     | models.pretraitement | Doublons supprimés : 0
2026-07-29 10:14:23 | INFO     | models.pretraitement | Valeurs manquantes imputées : 3
2026-07-29 10:14:23 | INFO     | models.modele_ml | Labels d'utilité générés (règles génériques) : {'trop_vide': 2, 'doublon': 2, 'valeur_aberrante': 0, 'non_utile_total': 3, 'utile_total': 2, 'colonnes_aberrantes': []}
2026-07-29 10:14:23 | INFO     | models.pretraitement | Doublons supprimés : 2
2026-07-29 10:14:23 | INFO     | models.pretraitement | Valeurs manquantes imputées : 3
2026-07-29 10:14:23 | INFO     | models.modele_ml | RandomForestClassifier entraîné : 50 arbres, 2 features
2026-07-29 10:14:23 | INFO     | models.modele_ml | Labels d'utilité générés (règles génériques) : {'trop_vide': 1, 'doublon': 0, 'valeur_aberrante': 0, 'non_utile_total': 1, 'utile_total': 9, 'colonnes_aberrantes': []}
2026-07-29 10:14:23 | INFO     | models.pretraitement | Doublons supprimés : 0
2026-07-29 10:14:23 | INFO     | models.pretraitement | Valeurs manquantes imputées : 6
2026-07-29 10:14:23 | INFO     | models.modele_ml | RandomForestClassifier entraîné : 50 arbres, 5 features
2026-07-29 10:14:23 | INFO     | models.rapport_evaluation | Évaluation : accuracy=1.000 precision=1.000 recall=1.000 f1=1.000 roc_auc=0.000
2026-07-29 10:14:23 | INFO     | models.modele_ml | Labels d'utilité générés (règles génériques) : {'trop_vide': 0, 'doublon': 2, 'valeur_aberrante': 0, 'non_utile_total': 2, 'utile_total': 18, 'colonnes_aberrantes': []}
2026-07-29 10:14:23 | INFO     | models.pretraitement | Doublons supprimés : 2
2026-07-29 10:14:23 | INFO     | models.pretraitement | Valeurs manquantes imputées : 14
2026-07-29 10:14:23 | INFO     | models.modele_ml | Labels d'utilité générés (règles génériques) : {'trop_vide': 3, 'doublon': 21, 'valeur_aberrante': 0, 'non_utile_total': 22, 'utile_total': 8, 'colonnes_aberrantes': []}
2026-07-29 10:14:23 | INFO     | models.pretraitement | Doublons supprimés : 21
2026-07-29 10:14:23 | INFO     | models.pretraitement | Valeurs manquantes imputées : 1
2026-07-29 10:14:23 | INFO     | models.modele_ml | RandomForestClassifier entraîné : 50 arbres, 1 features
2026-07-29 10:14:23 | INFO     | models.rapport_evaluation | Évaluation : accuracy=1.000 precision=1.000 recall=1.000 f1=1.000 roc_auc=0.000
2026-07-29 10:14:23 | INFO     | models.modele_ml | Labels d'utilité générés (règles génériques) : {'trop_vide': 1, 'doublon': 0, 'valeur_aberrante': 0, 'non_utile_total': 1, 'utile_total': 29, 'colonnes_aberrantes': []}
2026-07-29 10:14:23 | INFO     | models.pretraitement | Doublons supprimés : 0
2026-07-29 10:14:23 | INFO     | models.pretraitement | Valeurs manquantes imputées : 14
2026-07-29 10:14:23 | INFO     | models.modele_ml | RandomForestClassifier entraîné : 50 arbres, 4 features
2026-07-29 10:14:23 | INFO     | models.rapport_evaluation | Évaluation : accuracy=1.000 precision=1.000 recall=1.000 f1=1.000 roc_auc=0.000
2026-07-29 10:14:23 | INFO     | models.modele_ml | Labels d'utilité générés (règles génériques) : {'trop_vide': 1, 'doublon': 0, 'valeur_aberrante': 0, 'non_utile_total': 1, 'utile_total': 7, 'colonnes_aberrantes': []}
2026-07-29 10:14:23 | INFO     | models.pretraitement | Doublons supprimés : 0
2026-07-29 10:14:23 | INFO     | models.pretraitement | Valeurs manquantes imputées : 3
2026-07-29 10:14:23 | INFO     | models.modele_ml | RandomForestClassifier entraîné : 50 arbres, 3 features
2026-07-29 10:14:23 | INFO     | models.rapport_evaluation | Évaluation : accuracy=0.500 precision=1.000 recall=0.500 f1=0.667 roc_auc=0.000
2026-07-29 10:14:23 | INFO     | models.modele_ml | Labels d'utilité générés (règles génériques) : {'trop_vide': 3, 'doublon': 16, 'valeur_aberrante': 0, 'non_utile_total': 17, 'utile_total': 3, 'colonnes_aberrantes': []}
2026-07-29 10:14:23 | INFO     | models.pretraitement | Doublons supprimés : 16
2026-07-29 10:14:23 | INFO     | models.pretraitement | Valeurs manquantes imputées : 1
2026-07-29 10:14:23 | INFO     | models.modele_ml | RandomForestClassifier entraîné : 50 arbres, 3 features
2026-07-29 10:14:23 | INFO     | models.rapport_evaluation | Évaluation : accuracy=0.000 precision=0.000 recall=0.000 f1=0.000 roc_auc=0.000
2026-07-29 10:14:23 | INFO     | models.modele_ml | Labels d'utilité générés (règles génériques) : {'trop_vide': 1, 'doublon': 0, 'valeur_aberrante': 0, 'non_utile_total': 1, 'utile_total': 19, 'colonnes_aberrantes': []}
2026-07-29 10:14:23 | INFO     | models.pretraitement | Doublons supprimés : 0
2026-07-29 10:14:23 | INFO     | models.pretraitement | Valeurs manquantes imputées : 20
2026-07-29 10:14:23 | INFO     | models.modele_ml | RandomForestClassifier entraîné : 50 arbres, 10 features
2026-07-29 10:14:23 | INFO     | models.rapport_evaluation | Évaluation : accuracy=1.000 precision=1.000 recall=1.000 f1=1.000 roc_auc=0.000
2026-07-29 10:14:23 | INFO     | models.modele_ml | Labels d'utilité générés (règles génériques) : {'trop_vide': 2, 'doublon': 3, 'valeur_aberrante': 0, 'non_utile_total': 5, 'utile_total': 25, 'colonnes_aberrantes': []}
2026-07-29 10:14:23 | INFO     | models.pretraitement | Doublons supprimés : 3
2026-07-29 10:14:23 | INFO     | models.pretraitement | Valeurs manquantes imputées : 17
2026-07-29 10:14:23 | INFO     | models.modele_ml | RandomForestClassifier entraîné : 50 arbres, 5 features
2026-07-29 10:14:23 | INFO     | models.rapport_evaluation | Évaluation : accuracy=0.571 precision=0.686 recall=0.571 f1=0.623 roc_auc=0.167
2026-07-29 10:14:23 | INFO     | models.modele_ml | Labels d'utilité générés (règles génériques) : {'trop_vide': 1, 'doublon': 0, 'valeur_aberrante': 0, 'non_utile_total': 1, 'utile_total': 4, 'colonnes_aberrantes': []}
2026-07-29 10:14:23 | INFO     | models.pretraitement | Doublons supprimés : 0
2026-07-29 10:14:23 | INFO     | models.pretraitement | Valeurs manquantes imputées : 4
2026-07-29 10:14:23 | INFO     | models.modele_ml | RandomForestClassifier entraîné : 50 arbres, 3 features
2026-07-29 10:14:23 | INFO     | models.rapport_evaluation | Évaluation : accuracy=0.000 precision=0.000 recall=0.000 f1=0.000 roc_auc=0.000
2026-07-29 10:14:23 | INFO     | models.modele_ml | Labels d'utilité générés (règles génériques) : {'trop_vide': 3, 'doublon': 1, 'valeur_aberrante': 0, 'non_utile_total': 4, 'utile_total': 11, 'colonnes_aberrantes': []}
2026-07-29 10:14:23 | INFO     | models.pretraitement | Doublons supprimés : 1
2026-07-29 10:14:23 | INFO     | models.pretraitement | Valeurs manquantes imputées : 11
2026-07-29 10:14:23 | INFO     | models.modele_ml | RandomForestClassifier entraîné : 50 arbres, 6 features
2026-07-29 10:14:23 | INFO     | models.rapport_evaluation | Évaluation : accuracy=0.750 precision=0.562 recall=0.750 f1=0.643 roc_auc=0.667
2026-07-29 10:14:23 | INFO     | models.modele_ml | Labels d'utilité générés (règles génériques) : {'trop_vide': 0, 'doublon': 0, 'valeur_aberrante': 0, 'non_utile_total': 0, 'utile_total': 8, 'colonnes_aberrantes': []}
2026-07-29 10:14:23 | INFO     | models.pretraitement | Doublons supprimés : 0
2026-07-29 10:14:23 | INFO     | models.pretraitement | Valeurs manquantes imputées : 7
2026-07-29 10:14:23 | INFO     | models.modele_ml | Labels d'utilité générés (règles génériques) : {'trop_vide': 1, 'doublon': 1, 'valeur_aberrante': 0, 'non_utile_total': 2, 'utile_total': 28, 'colonnes_aberrantes': []}
2026-07-29 10:14:23 | INFO     | models.pretraitement | Doublons supprimés : 1
2026-07-29 10:14:23 | INFO     | models.pretraitement | Valeurs manquantes imputées : 13
2026-07-29 10:14:23 | INFO     | models.modele_ml | RandomForestClassifier entraîné : 50 arbres, 5 features
2026-07-29 10:14:23 | INFO     | models.rapport_evaluation | Évaluation : accuracy=0.750 precision=1.000 recall=0.750 f1=0.857 roc_auc=0.000
2026-07-29 10:14:23 | INFO     | models.modele_ml | Labels d'utilité générés (règles génériques) : {'trop_vide': 8, 'doublon': 3, 'valeur_aberrante': 0, 'non_utile_total': 10, 'utile_total': 10, 'colonnes_aberrantes': []}
2026-07-29 10:14:23 | INFO     | models.pretraitement | Doublons supprimés : 3
2026-07-29 10:14:23 | INFO     | models.pretraitement | Valeurs manquantes imputées : 20
2026-07-29 10:14:23 | INFO     | models.modele_ml | RandomForestClassifier entraîné : 50 arbres, 6 features
2026-07-29 10:14:23 | INFO     | models.rapport_evaluation | Évaluation : accuracy=0.600 precision=0.600 recall=0.600 f1=0.600 roc_auc=0.417
2026-07-29 10:14:24 | INFO     | models.modele_ml | Labels d'utilité générés (règles génériques) : {'trop_vide': 5, 'doublon': 2, 'valeur_aberrante': 0, 'non_utile_total': 5, 'utile_total': 15, 'colonnes_aberrantes': []}
2026-07-29 10:14:24 | INFO     | models.pretraitement | Doublons supprimés : 2
2026-07-29 10:14:24 | INFO     | models.pretraitement | Valeurs manquantes imputées : 11
2026-07-29 10:14:24 | INFO     | models.modele_ml | RandomForestClassifier entraîné : 50 arbres, 5 features
2026-07-29 10:14:24 | INFO     | models.rapport_evaluation | Évaluation : accuracy=0.800 precision=0.640 recall=0.800 f1=0.711 roc_auc=0.750
2026-07-29 10:14:24 | INFO     | models.modele_ml | Labels d'utilité générés (règles génériques) : {'trop_vide': 0, 'doublon': 0, 'valeur_aberrante': 0, 'non_utile_total': 0, 'utile_total': 20, 'colonnes_aberrantes': []}
2026-07-29 10:14:24 | INFO     | models.pretraitement | Doublons supprimés : 0
2026-07-29 10:14:24 | INFO     | models.pretraitement | Valeurs manquantes imputées : 24
2026-07-29 10:14:24 | INFO     | models.modele_ml | Labels d'utilité générés (règles génériques) : {'trop_vide': 6, 'doublon': 9, 'valeur_aberrante': 0, 'non_utile_total': 14, 'utile_total': 16, 'colonnes_aberrantes': []}
2026-07-29 10:14:24 | INFO     | models.pretraitement | Doublons supprimés : 9
2026-07-29 10:14:24 | INFO     | models.pretraitement | Valeurs manquantes imputées : 16
2026-07-29 10:14:24 | INFO     | models.modele_ml | RandomForestClassifier entraîné : 50 arbres, 7 features
2026-07-29 10:14:24 | INFO     | models.rapport_evaluation | Évaluation : accuracy=0.667 precision=0.889 recall=0.667 f1=0.708 roc_auc=0.800
2026-07-29 10:14:24 | INFO     | models.modele_ml | Labels d'utilité générés (règles génériques) : {'trop_vide': 1, 'doublon': 2, 'valeur_aberrante': 0, 'non_utile_total': 3, 'utile_total': 7, 'colonnes_aberrantes': []}
2026-07-29 10:14:24 | INFO     | models.pretraitement | Doublons supprimés : 2
2026-07-29 10:14:24 | INFO     | models.pretraitement | Valeurs manquantes imputées : 1
2026-07-29 10:14:24 | INFO     | models.modele_ml | RandomForestClassifier entraîné : 50 arbres, 1 features
2026-07-29 10:14:24 | INFO     | models.rapport_evaluation | Évaluation : accuracy=1.000 precision=1.000 recall=1.000 f1=1.000 roc_auc=0.000
2026-07-29 10:14:24 | INFO     | models.modele_ml | Labels d'utilité générés (règles génériques) : {'trop_vide': 0, 'doublon': 0, 'valeur_aberrante': 0, 'non_utile_total': 0, 'utile_total': 10, 'colonnes_aberrantes': []}
2026-07-29 10:14:24 | INFO     | models.pretraitement | Doublons supprimés : 0
2026-07-29 10:14:24 | INFO     | models.pretraitement | Valeurs manquantes imputées : 2
2026-07-29 10:14:24 | INFO     | models.modele_ml | Labels d'utilité générés (règles génériques) : {'trop_vide': 0, 'doublon': 0, 'valeur_aberrante': 0, 'non_utile_total': 0, 'utile_total': 20, 'colonnes_aberrantes': []}
2026-07-29 10:14:24 | INFO     | models.pretraitement | Doublons supprimés : 0
2026-07-29 10:14:24 | INFO     | models.pretraitement | Valeurs manquantes imputées : 10
2026-07-29 10:14:24 | INFO     | models.modele_ml | Labels d'utilité générés (règles génériques) : {'trop_vide': 2, 'doublon': 0, 'valeur_aberrante': 0, 'non_utile_total': 2, 'utile_total': 8, 'colonnes_aberrantes': []}
2026-07-29 10:14:24 | INFO     | models.pretraitement | Doublons supprimés : 0
2026-07-29 10:14:24 | INFO     | models.pretraitement | Valeurs manquantes imputées : 15
2026-07-29 10:14:24 | INFO     | models.modele_ml | RandomForestClassifier entraîné : 50 arbres, 7 features
2026-07-29 10:14:24 | INFO     | models.rapport_evaluation | Évaluation : accuracy=0.667 precision=0.444 recall=0.667 f1=0.533 roc_auc=1.000
2026-07-29 10:14:24 | INFO     | models.modele_ml | Labels d'utilité générés (règles génériques) : {'trop_vide': 2, 'doublon': 2, 'valeur_aberrante': 0, 'non_utile_total': 4, 'utile_total': 26, 'colonnes_aberrantes': []}
2026-07-29 10:14:24 | INFO     | models.pretraitement | Doublons supprimés : 2
2026-07-29 10:14:24 | INFO     | models.pretraitement | Valeurs manquantes imputées : 33
2026-07-29 10:14:24 | INFO     | models.modele_ml | RandomForestClassifier entraîné : 50 arbres, 7 features
2026-07-29 10:14:24 | INFO     | models.rapport_evaluation | Évaluation : accuracy=0.857 precision=0.735 recall=0.857 f1=0.791 roc_auc=1.000
2026-07-29 10:14:24 | INFO     | models.modele_ml | Labels d'utilité générés (règles génériques) : {'trop_vide': 3, 'doublon': 26, 'valeur_aberrante': 0, 'non_utile_total': 27, 'utile_total': 3, 'colonnes_aberrantes': []}
2026-07-29 10:14:24 | INFO     | models.pretraitement | Doublons supprimés : 26
2026-07-29 10:14:24 | INFO     | models.pretraitement | Valeurs manquantes imputées : 1
2026-07-29 10:14:24 | INFO     | models.modele_ml | RandomForestClassifier entraîné : 50 arbres, 3 features
2026-07-29 10:14:24 | INFO     | models.rapport_evaluation | Évaluation : accuracy=1.000 precision=1.000 recall=1.000 f1=1.000 roc_auc=0.000
2026-07-29 10:14:24 | INFO     | models.modele_ml | Labels d'utilité générés (règles génériques) : {'trop_vide': 3, 'doublon': 0, 'valeur_aberrante': 0, 'non_utile_total': 3, 'utile_total': 17, 'colonnes_aberrantes': []}
2026-07-29 10:14:24 | INFO     | models.pretraitement | Doublons supprimés : 0
2026-07-29 10:14:24 | INFO     | models.pretraitement | Valeurs manquantes imputées : 32
2026-07-29 10:14:24 | INFO     | models.modele_ml | RandomForestClassifier entraîné : 50 arbres, 8 features
2026-07-29 10:14:24 | INFO     | models.rapport_evaluation | Évaluation : accuracy=0.600 precision=0.600 recall=0.600 f1=0.600 roc_auc=0.750
2026-07-29 10:14:24 | INFO     | models.modele_ml | Labels d'utilité générés (règles génériques) : {'trop_vide': 1, 'doublon': 1, 'valeur_aberrante': 0, 'non_utile_total': 2, 'utile_total': 4, 'colonnes_aberrantes': []}
2026-07-29 10:14:24 | INFO     | models.pretraitement | Doublons supprimés : 1
2026-07-29 10:14:24 | INFO     | models.pretraitement | Valeurs manquantes imputées : 1
2026-07-29 10:14:24 | INFO     | models.modele_ml | RandomForestClassifier entraîné : 50 arbres, 1 features
2026-07-29 10:14:24 | INFO     | models.rapport_evaluation | Évaluation : accuracy=0.500 precision=1.000 recall=0.500 f1=0.667 roc_auc=0.000
2026-07-29 10:14:24 | INFO     | models.modele_ml | Labels d'utilité générés (règles génériques) : {'trop_vide': 0, 'doublon': 0, 'valeur_aberrante': 0, 'non_utile_total': 0, 'utile_total': 30, 'colonnes_aberrantes': []}
2026-07-29 10:14:24 | INFO     | models.pretraitement | Doublons supprimés : 0
2026-07-29 10:14:24 | INFO     | models.pretraitement | Valeurs manquantes imputées : 24
2026-07-29 10:14:24 | INFO     | models.modele_ml | Labels d'utilité générés (règles génériques) : {'trop_vide': 0, 'doublon': 0, 'valeur_aberrante': 0, 'non_utile_total': 0, 'utile_total': 5, 'colonnes_aberrantes': []}
2026-07-29 10:14:24 | INFO     | models.pretraitement | Doublons supprimés : 0
2026-07-29 10:14:24 | INFO     | models.pretraitement | Valeurs manquantes imputées : 7
2026-07-29 10:14:24 | INFO     | models.modele_ml | Labels d'utilité générés (règles génériques) : {'trop_vide': 5, 'doublon': 1, 'valeur_aberrante': 0, 'non_utile_total': 5, 'utile_total': 3, 'colonnes_aberrantes': []}
2026-07-29 10:14:24 | INFO     | models.pretraitement | Doublons supprimés : 1
2026-07-29 10:14:24 | INFO     | models.pretraitement | Valeurs manquantes imputées : 10
2026-07-29 10:14:24 | INFO     | models.modele_ml | RandomForestClassifier entraîné : 50 arbres, 6 features
2026-07-29 10:14:24 | INFO     | models.rapport_evaluation | Évaluation : accuracy=0.500 precision=0.250 recall=0.500 f1=0.333 roc_auc=0.500
2026-07-29 10:14:24 | INFO     | models.modele_ml | Labels d'utilité générés (règles génériques) : {'trop_vide': 1, 'doublon': 7, 'valeur_aberrante': 0, 'non_utile_total': 8, 'utile_total': 7, 'colonnes_aberrantes': []}
2026-07-29 10:14:24 | INFO     | models.pretraitement | Doublons supprimés : 7
2026-07-29 10:14:24 | INFO     | models.pretraitement | Valeurs manquantes imputées : 4
2026-07-29 10:14:24 | INFO     | models.modele_ml | RandomForestClassifier entraîné : 50 arbres, 5 features
2026-07-29 10:14:24 | INFO     | models.rapport_evaluation | Évaluation : accuracy=0.500 precision=1.000 recall=0.500 f1=0.667 roc_auc=0.000
2026-07-29 10:14:24 | INFO     | models.modele_ml | Labels d'utilité générés (règles génériques) : {'trop_vide': 1, 'doublon': 0, 'valeur_aberrante': 0, 'non_utile_total': 1, 'utile_total': 4, 'colonnes_aberrantes': []}
2026-07-29 10:14:24 | INFO     | models.pretraitement | Doublons supprimés : 0
2026-07-29 10:14:24 | INFO     | models.pretraitement | Valeurs manquantes imputées : 3
2026-07-29 10:14:24 | INFO     | models.modele_ml | RandomForestClassifier entraîné : 50 arbres, 4 features
2026-07-29 10:14:24 | INFO     | models.rapport_evaluation | Évaluation : accuracy=1.000 precision=1.000 recall=1.000 f1=1.000 roc_auc=0.000
2026-07-29 10:14:24 | INFO     | models.modele_ml | Labels d'utilité générés (règles génériques) : {'trop_vide': 0, 'doublon': 2, 'valeur_aberrante': 0, 'non_utile_total': 2, 'utile_total': 6, 'colonnes_aberrantes': []}
2026-07-29 10:14:24 | INFO     | models.pretraitement | Doublons supprimés : 2
2026-07-29 10:14:24 | INFO     | models.pretraitement | Valeurs manquantes imputées : 2
2026-07-29 10:14:24 | INFO     | models.modele_ml | Labels d'utilité générés (règles génériques) : {'trop_vide': 0, 'doublon': 0, 'valeur_aberrante': 0, 'non_utile_total': 0, 'utile_total': 15, 'colonnes_aberrantes': []}
2026-07-29 10:14:24 | INFO     | models.pretraitement | Doublons supprimés : 0
2026-07-29 10:14:24 | INFO     | models.pretraitement | Valeurs manquantes imputées : 19
2026-07-29 10:14:24 | INFO     | models.modele_ml | Labels d'utilité générés (règles génériques) : {'trop_vide': 0, 'doublon': 10, 'valeur_aberrante': 0, 'non_utile_total': 10, 'utile_total': 20, 'colonnes_aberrantes': []}
2026-07-29 10:14:24 | INFO     | models.pretraitement | Doublons supprimés : 10
2026-07-29 10:14:24 | INFO     | models.pretraitement | Valeurs manquantes imputées : 7
2026-07-29 10:14:24 | INFO     | models.modele_ml | Labels d'utilité générés (règles génériques) : {'trop_vide': 0, 'doublon': 8, 'valeur_aberrante': 0, 'non_utile_total': 8, 'utile_total': 7, 'colonnes_aberrantes': []}
2026-07-29 10:14:24 | INFO     | models.pretraitement | Doublons supprimés : 8
2026-07-29 10:14:24 | INFO     | models.pretraitement | Valeurs manquantes imputées : 3
2026-07-29 10:14:24 | INFO     | models.modele_ml | Labels d'utilité générés (règles génériques) : {'trop_vide': 0, 'doublon': 0, 'valeur_aberrante': 0, 'non_utile_total': 0, 'utile_total': 8, 'colonnes_aberrantes': []}
2026-07-29 10:14:24 | INFO     | models.pretraitement | Doublons supprimés : 0
2026-07-29 10:14:24 | INFO     | models.pretraitement | Valeurs manquantes imputées : 8
2026-07-29 10:14:24 | INFO     | models.modele_ml | Labels d'utilité générés (règles génériques) : {'trop_vide': 2, 'doublon': 2, 'valeur_aberrante': 0, 'non_utile_total': 3, 'utile_total': 2, 'colonnes_aberrantes': []}
2026-07-29 10:14:24 | INFO     | models.pretraitement | Doublons supprimés : 2
2026-07-29 10:14:24 | INFO     | models.pretraitement | Valeurs manquantes imputées : 3
2026-07-29 10:14:25 | INFO     | models.modele_ml | RandomForestClassifier entraîné : 50 arbres, 1 features
2026-07-29 10:14:25 | INFO     | models.rapport_evaluation | Évaluation : accuracy=1.000 precision=1.000 recall=1.000 f1=1.000 roc_auc=0.000
2026-07-29 10:14:25 | INFO     | models.modele_ml | Labels d'utilité générés (règles génériques) : {'trop_vide': 0, 'doublon': 0, 'valeur_aberrante': 0, 'non_utile_total': 0, 'utile_total': 6, 'colonnes_aberrantes': []}
2026-07-29 10:14:25 | INFO     | models.pretraitement | Doublons supprimés : 0
2026-07-29 10:14:25 | INFO     | models.pretraitement | Valeurs manquantes imputées : 1
2026-07-29 10:14:25 | INFO     | models.modele_ml | Labels d'utilité générés (règles génériques) : {'trop_vide': 0, 'doublon': 0, 'valeur_aberrante': 0, 'non_utile_total': 0, 'utile_total': 10, 'colonnes_aberrantes': []}
2026-07-29 10:14:25 | INFO     | models.pretraitement | Doublons supprimés : 0
2026-07-29 10:14:25 | INFO     | models.pretraitement | Valeurs manquantes imputées : 3
2026-07-29 10:14:25 | INFO     | models.modele_ml | Labels d'utilité générés (règles génériques) : {'trop_vide': 5, 'doublon': 7, 'valeur_aberrante': 0, 'non_utile_total': 8, 'utile_total': 2, 'colonnes_aberrantes': []}
2026-07-29 10:14:25 | INFO     | models.pretraitement | Doublons supprimés : 7
2026-07-29 10:14:25 | INFO     | models.pretraitement | Valeurs manquantes imputées : 1
2026-07-29 10:14:25 | INFO     | models.modele_ml | RandomForestClassifier entraîné : 50 arbres, 2 features
2026-07-29 10:14:25 | INFO     | models.modele_ml | Labels d'utilité générés (règles génériques) : {'trop_vide': 0, 'doublon': 0, 'valeur_aberrante': 0, 'non_utile_total': 0, 'utile_total': 6, 'colonnes_aberrantes': []}
2026-07-29 10:14:25 | INFO     | models.pretraitement | Doublons supprimés : 0
2026-07-29 10:14:25 | INFO     | models.pretraitement | Valeurs manquantes imputées : 1
2026-07-29 10:14:25 | INFO     | models.modele_ml | Labels d'utilité générés (règles génériques) : {'trop_vide': 0, 'doublon': 0, 'valeur_aberrante': 0, 'non_utile_total': 0, 'utile_total': 10, 'colonnes_aberrantes': []}
2026-07-29 10:14:25 | INFO     | models.pretraitement | Doublons supprimés : 0
2026-07-29 10:14:25 | INFO     | models.pretraitement | Valeurs manquantes imputées : 3
2026-07-29 10:14:25 | INFO     | models.modele_ml | Labels d'utilité générés (règles génériques) : {'trop_vide': 0, 'doublon': 0, 'valeur_aberrante': 0, 'non_utile_total': 0, 'utile_total': 5, 'colonnes_aberrantes': []}
2026-07-29 10:14:25 | INFO     | models.pretraitement | Doublons supprimés : 0
2026-07-29 10:14:25 | INFO     | models.pretraitement | Valeurs manquantes imputées : 6
2026-07-29 10:14:25 | INFO     | models.modele_ml | Labels d'utilité générés (règles génériques) : {'trop_vide': 1, 'doublon': 0, 'valeur_aberrante': 0, 'non_utile_total': 1, 'utile_total': 9, 'colonnes_aberrantes': []}
2026-07-29 10:14:25 | INFO     | models.pretraitement | Doublons supprimés : 0
2026-07-29 10:14:25 | INFO     | models.pretraitement | Valeurs manquantes imputées : 7
2026-07-29 10:14:25 | INFO     | models.modele_ml | RandomForestClassifier entraîné : 50 arbres, 3 features
2026-07-29 10:14:25 | INFO     | models.rapport_evaluation | Évaluation : accuracy=1.000 precision=1.000 recall=1.000 f1=1.000 roc_auc=0.000
2026-07-29 10:14:25 | INFO     | models.modele_ml | Labels d'utilité générés (règles génériques) : {'trop_vide': 0, 'doublon': 0, 'valeur_aberrante': 0, 'non_utile_total': 0, 'utile_total': 10, 'colonnes_aberrantes': []}
2026-07-29 10:14:25 | INFO     | models.pretraitement | Doublons supprimés : 0
2026-07-29 10:14:25 | INFO     | models.pretraitement | Valeurs manquantes imputées : 2
2026-07-29 10:14:25 | INFO     | models.modele_ml | Labels d'utilité générés (règles génériques) : {'trop_vide': 2, 'doublon': 1, 'valeur_aberrante': 0, 'non_utile_total': 2, 'utile_total': 6, 'colonnes_aberrantes': []}
2026-07-29 10:14:25 | INFO     | models.pretraitement | Doublons supprimés : 1
2026-07-29 10:14:25 | INFO     | models.pretraitement | Valeurs manquantes imputées : 3
2026-07-29 10:14:25 | INFO     | models.modele_ml | RandomForestClassifier entraîné : 50 arbres, 3 features
2026-07-29 10:14:25 | INFO     | models.rapport_evaluation | Évaluation : accuracy=1.000 precision=1.000 recall=1.000 f1=1.000 roc_auc=0.000
2026-07-29 10:14:25 | INFO     | models.modele_ml | Labels d'utilité générés (règles génériques) : {'trop_vide': 5, 'doublon': 6, 'valeur_aberrante': 0, 'non_utile_total': 9, 'utile_total': 6, 'colonnes_aberrantes': []}
2026-07-29 10:14:25 | INFO     | models.pretraitement | Doublons supprimés : 6
2026-07-29 10:14:25 | INFO     | models.pretraitement | Valeurs manquantes imputées : 8
2026-07-29 10:14:25 | INFO     | models.modele_ml | RandomForestClassifier entraîné : 50 arbres, 6 features
2026-07-29 10:14:25 | INFO     | models.rapport_evaluation | Évaluation : accuracy=0.667 precision=0.833 recall=0.667 f1=0.667 roc_auc=0.500
2026-07-29 10:14:25 | INFO     | models.modele_ml | Labels d'utilité générés (règles génériques) : {'trop_vide': 4, 'doublon': 16, 'valeur_aberrante': 0, 'non_utile_total': 17, 'utile_total': 3, 'colonnes_aberrantes': []}
2026-07-29 10:14:25 | INFO     | models.pretraitement | Doublons supprimés : 16
2026-07-29 10:14:25 | INFO     | models.pretraitement | Valeurs manquantes imputées : 1
2026-07-29 10:14:25 | INFO     | models.modele_ml | RandomForestClassifier entraîné : 50 arbres, 3 features
2026-07-29 10:14:25 | INFO     | models.rapport_evaluation | Évaluation : accuracy=0.000 precision=0.000 recall=0.000 f1=0.000 roc_auc=0.000
2026-07-29 10:14:25 | INFO     | models.modele_ml | Labels d'utilité générés (règles génériques) : {'trop_vide': 0, 'doublon': 0, 'valeur_aberrante': 0, 'non_utile_total': 0, 'utile_total': 5, 'colonnes_aberrantes': []}
2026-07-29 10:14:25 | INFO     | models.pretraitement | Doublons supprimés : 0
2026-07-29 10:14:25 | INFO     | models.pretraitement | Valeurs manquantes imputées : 1
2026-07-29 10:14:25 | INFO     | models.modele_ml | Labels d'utilité générés (règles génériques) : {'trop_vide': 0, 'doublon': 1, 'valeur_aberrante': 0, 'non_utile_total': 1, 'utile_total': 14, 'colonnes_aberrantes': []}
2026-07-29 10:14:25 | INFO     | models.pretraitement | Doublons supprimés : 1
2026-07-29 10:14:25 | INFO     | models.pretraitement | Valeurs manquantes imputées : 12
2026-07-29 10:14:25 | INFO     | models.modele_ml | Labels d'utilité générés (règles génériques) : {'trop_vide': 0, 'doublon': 0, 'valeur_aberrante': 0, 'non_utile_total': 0, 'utile_total': 20, 'colonnes_aberrantes': []}
2026-07-29 10:14:25 | INFO     | models.pretraitement | Doublons supprimés : 0
2026-07-29 10:14:25 | INFO     | models.pretraitement | Valeurs manquantes imputées : 13
2026-07-29 10:14:25 | INFO     | models.modele_ml | Labels d'utilité générés (règles génériques) : {'trop_vide': 1, 'doublon': 0, 'valeur_aberrante': 0, 'non_utile_total': 1, 'utile_total': 7, 'colonnes_aberrantes': []}
2026-07-29 10:14:25 | INFO     | models.pretraitement | Doublons supprimés : 0
2026-07-29 10:14:25 | INFO     | models.pretraitement | Valeurs manquantes imputées : 4
2026-07-29 10:14:25 | INFO     | models.modele_ml | RandomForestClassifier entraîné : 50 arbres, 4 features
2026-07-29 10:14:25 | INFO     | models.rapport_evaluation | Évaluation : accuracy=0.500 precision=1.000 recall=0.500 f1=0.667 roc_auc=0.000
2026-07-29 10:14:25 | INFO     | models.modele_ml | Labels d'utilité générés (règles génériques) : {'trop_vide': 0, 'doublon': 0, 'valeur_aberrante': 0, 'non_utile_total': 0, 'utile_total': 30, 'colonnes_aberrantes': []}
2026-07-29 10:14:25 | INFO     | models.pretraitement | Doublons supprimés : 0
2026-07-29 10:14:25 | INFO     | models.pretraitement | Valeurs manquantes imputées : 15
2026-07-29 10:14:25 | INFO     | models.modele_ml | Labels d'utilité générés (règles génériques) : {'trop_vide': 0, 'doublon': 0, 'valeur_aberrante': 0, 'non_utile_total': 0, 'utile_total': 30, 'colonnes_aberrantes': []}
2026-07-29 10:14:25 | INFO     | models.pretraitement | Doublons supprimés : 0
2026-07-29 10:14:25 | INFO     | models.pretraitement | Valeurs manquantes imputées : 9
2026-07-29 10:14:25 | INFO     | models.modele_ml | Labels d'utilité générés (règles génériques) : {'trop_vide': 14, 'doublon': 26, 'valeur_aberrante': 0, 'non_utile_total': 27, 'utile_total': 3, 'colonnes_aberrantes': []}
2026-07-29 10:14:25 | INFO     | models.pretraitement | Doublons supprimés : 26
2026-07-29 10:14:25 | INFO     | models.pretraitement | Valeurs manquantes imputées : 1
2026-07-29 10:14:25 | INFO     | models.modele_ml | RandomForestClassifier entraîné : 50 arbres, 3 features
2026-07-29 10:14:25 | INFO     | models.modele_ml | Labels d'utilité générés (règles génériques) : {'trop_vide': 1, 'doublon': 0, 'valeur_aberrante': 0, 'non_utile_total': 1, 'utile_total': 9, 'colonnes_aberrantes': []}
2026-07-29 10:14:25 | INFO     | models.pretraitement | Doublons supprimés : 0
2026-07-29 10:14:25 | INFO     | models.pretraitement | Valeurs manquantes imputées : 7
2026-07-29 10:14:25 | INFO     | models.modele_ml | RandomForestClassifier entraîné : 50 arbres, 5 features
2026-07-29 10:14:25 | INFO     | models.rapport_evaluation | Évaluation : accuracy=1.000 precision=1.000 recall=1.000 f1=1.000 roc_auc=0.000
2026-07-29 10:14:25 | INFO     | models.modele_ml | Labels d'utilité générés (règles génériques) : {'trop_vide': 1, 'doublon': 9, 'valeur_aberrante': 0, 'non_utile_total': 10, 'utile_total': 20, 'colonnes_aberrantes': []}
2026-07-29 10:14:25 | INFO     | models.pretraitement | Doublons supprimés : 9
2026-07-29 10:14:25 | INFO     | models.pretraitement | Valeurs manquantes imputées : 11
2026-07-29 10:14:25 | INFO     | models.modele_ml | RandomForestClassifier entraîné : 50 arbres, 3 features
2026-07-29 10:14:25 | INFO     | models.rapport_evaluation | Évaluation : accuracy=0.833 precision=1.000 recall=0.833 f1=0.909 roc_auc=0.000
2026-07-29 10:14:25 | INFO     | models.modele_ml | Labels d'utilité générés (règles génériques) : {'trop_vide': 0, 'doublon': 0, 'valeur_aberrante': 0, 'non_utile_total': 0, 'utile_total': 6, 'colonnes_aberrantes': []}
2026-07-29 10:14:25 | INFO     | models.pretraitement | Doublons supprimés : 0
2026-07-29 10:14:25 | INFO     | models.pretraitement | Valeurs manquantes imputées : 6
2026-07-29 10:14:25 | INFO     | models.modele_ml | Labels d'utilité générés (règles génériques) : {'trop_vide': 0, 'doublon': 0, 'valeur_aberrante': 0, 'non_utile_total': 0, 'utile_total': 5, 'colonnes_aberrantes': []}
2026-07-29 10:14:25 | INFO     | models.pretraitement | Doublons supprimés : 0
2026-07-29 10:14:25 | INFO     | models.pretraitement | Valeurs manquantes imputées : 5
2026-07-29 10:14:25 | INFO     | models.modele_ml | Labels d'utilité générés (règles génériques) : {'trop_vide': 0, 'doublon': 0, 'valeur_aberrante': 0, 'non_utile_total': 0, 'utile_total': 20, 'colonnes_aberrantes': []}
2026-07-29 10:14:25 | INFO     | models.pretraitement | Doublons supprimés : 0
2026-07-29 10:14:25 | INFO     | models.pretraitement | Valeurs manquantes imputées : 17
2026-07-29 10:14:25 | INFO     | models.modele_ml | Labels d'utilité générés (règles génériques) : {'trop_vide': 0, 'doublon': 2, 'valeur_aberrante': 0, 'non_utile_total': 2, 'utile_total': 8, 'colonnes_aberrantes': []}
2026-07-29 10:14:25 | INFO     | models.pretraitement | Doublons supprimés : 2
2026-07-29 10:14:25 | INFO     | models.pretraitement | Valeurs manquantes imputées : 4
2026-07-29 10:14:25 | INFO     | models.modele_ml | Labels d'utilité générés (règles génériques) : {'trop_vide': 0, 'doublon': 0, 'valeur_aberrante': 0, 'non_utile_total': 0, 'utile_total': 8, 'colonnes_aberrantes': []}
2026-07-29 10:14:25 | INFO     | models.pretraitement | Doublons supprimés : 0
2026-07-29 10:14:25 | INFO     | models.pretraitement | Valeurs manquantes imputées : 4
2026-07-29 10:14:25 | INFO     | models.modele_ml | Labels d'utilité générés (règles génériques) : {'trop_vide': 0, 'doublon': 0, 'valeur_aberrante': 0, 'non_utile_total': 0, 'utile_total': 6, 'colonnes_aberrantes': []}
2026-07-29 10:14:25 | INFO     | models.pretraitement | Doublons supprimés : 0
2026-07-29 10:14:25 | INFO     | models.pretraitement | Valeurs manquantes imputées : 3
2026-07-29 10:14:25 | INFO     | models.modele_ml | Labels d'utilité générés (règles génériques) : {'trop_vide': 2, 'doublon': 1, 'valeur_aberrante': 0, 'non_utile_total': 2, 'utile_total': 6, 'colonnes_aberrantes': []}
2026-07-29 10:14:25 | INFO     | models.pretraitement | Doublons supprimés : 1
2026-07-29 10:14:25 | INFO     | models.pretraitement | Valeurs manquantes imputées : 5
2026-07-29 10:14:25 | INFO     | models.modele_ml | RandomForestClassifier entraîné : 50 arbres, 6 features
2026-07-29 10:14:25 | INFO     | models.rapport_evaluation | Évaluation : accuracy=1.000 precision=1.000 recall=1.000 f1=1.000 roc_auc=0.000
2026-07-29 10:14:25 | INFO     | models.modele_ml | Labels d'utilité générés (règles génériques) : {'trop_vide': 0, 'doublon': 0, 'valeur_aberrante': 0, 'non_utile_total': 0, 'utile_total': 5, 'colonnes_aberrantes': []}
2026-07-29 10:14:25 | INFO     | models.pretraitement | Doublons supprimés : 0
2026-07-29 10:14:25 | INFO     | models.pretraitement | Valeurs manquantes imputées : 3
2026-07-29 10:14:25 | INFO     | models.modele_ml | Labels d'utilité générés (règles génériques) : {'trop_vide': 0, 'doublon': 0, 'valeur_aberrante': 0, 'non_utile_total': 0, 'utile_total': 8, 'colonnes_aberrantes': []}
2026-07-29 10:14:25 | INFO     | models.pretraitement | Doublons supprimés : 0
2026-07-29 10:14:25 | INFO     | models.pretraitement | Valeurs manquantes imputées : 1
2026-07-29 10:14:25 | INFO     | models.modele_ml | Labels d'utilité générés (règles génériques) : {'trop_vide': 1, 'doublon': 1, 'valeur_aberrante': 0, 'non_utile_total': 2, 'utile_total': 6, 'colonnes_aberrantes': []}
2026-07-29 10:14:25 | INFO     | models.pretraitement | Doublons supprimés : 1
2026-07-29 10:14:25 | INFO     | models.pretraitement | Valeurs manquantes imputées : 4
2026-07-29 10:14:26 | INFO     | models.modele_ml | RandomForestClassifier entraîné : 50 arbres, 3 features
2026-07-29 10:14:26 | INFO     | models.rapport_evaluation | Évaluation : accuracy=0.000 precision=0.000 recall=0.000 f1=0.000 roc_auc=0.000
2026-07-29 10:14:26 | INFO     | models.modele_ml | Labels d'utilité générés (règles génériques) : {'trop_vide': 0, 'doublon': 0, 'valeur_aberrante': 0, 'non_utile_total': 0, 'utile_total': 10, 'colonnes_aberrantes': []}
2026-07-29 10:14:26 | INFO     | models.pretraitement | Doublons supprimés : 0
2026-07-29 10:14:26 | INFO     | models.pretraitement | Valeurs manquantes imputées : 7
2026-07-29 10:14:26 | INFO     | models.modele_ml | Labels d'utilité générés (règles génériques) : {'trop_vide': 1, 'doublon': 1, 'valeur_aberrante': 0, 'non_utile_total': 2, 'utile_total': 18, 'colonnes_aberrantes': []}
2026-07-29 10:14:26 | INFO     | models.pretraitement | Doublons supprimés : 1
2026-07-29 10:14:26 | INFO     | models.pretraitement | Valeurs manquantes imputées : 19
2026-07-29 10:14:26 | INFO     | models.modele_ml | RandomForestClassifier entraîné : 50 arbres, 8 features
2026-07-29 10:14:26 | INFO     | models.rapport_evaluation | Évaluation : accuracy=0.800 precision=1.000 recall=0.800 f1=0.889 roc_auc=0.000
2026-07-29 10:14:26 | INFO     | models.modele_ml | Labels d'utilité générés (règles génériques) : {'trop_vide': 0, 'doublon': 0, 'valeur_aberrante': 0, 'non_utile_total': 0, 'utile_total': 10, 'colonnes_aberrantes': []}
2026-07-29 10:14:26 | INFO     | models.pretraitement | Doublons supprimés : 0
2026-07-29 10:14:26 | INFO     | models.pretraitement | Valeurs manquantes imputées : 11
2026-07-29 10:14:26 | INFO     | models.modele_ml | Labels d'utilité générés (règles génériques) : {'trop_vide': 3, 'doublon': 0, 'valeur_aberrante': 0, 'non_utile_total': 3, 'utile_total': 17, 'colonnes_aberrantes': []}
2026-07-29 10:14:26 | INFO     | models.pretraitement | Doublons supprimés : 0
2026-07-29 10:14:26 | INFO     | models.pretraitement | Valeurs manquantes imputées : 14
2026-07-29 10:14:26 | INFO     | models.modele_ml | RandomForestClassifier entraîné : 50 arbres, 4 features
2026-07-29 10:14:26 | INFO     | models.rapport_evaluation | Évaluation : accuracy=0.400 precision=0.533 recall=0.400 f1=0.457 roc_auc=0.500
2026-07-29 10:14:26 | INFO     | models.modele_ml | Labels d'utilité générés (règles génériques) : {'trop_vide': 1, 'doublon': 0, 'valeur_aberrante': 0, 'non_utile_total': 1, 'utile_total': 14, 'colonnes_aberrantes': []}
2026-07-29 10:14:26 | INFO     | models.pretraitement | Doublons supprimés : 0
2026-07-29 10:14:26 | INFO     | models.pretraitement | Valeurs manquantes imputées : 13
2026-07-29 10:14:26 | INFO     | models.modele_ml | RandomForestClassifier entraîné : 50 arbres, 7 features
2026-07-29 10:14:26 | INFO     | models.rapport_evaluation | Évaluation : accuracy=1.000 precision=1.000 recall=1.000 f1=1.000 roc_auc=0.000
2026-07-29 10:14:26 | INFO     | models.modele_ml | Labels d'utilité générés (règles génériques) : {'trop_vide': 1, 'doublon': 0, 'valeur_aberrante': 0, 'non_utile_total': 1, 'utile_total': 29, 'colonnes_aberrantes': []}
2026-07-29 10:14:26 | INFO     | models.pretraitement | Doublons supprimés : 0
2026-07-29 10:14:26 | INFO     | models.pretraitement | Valeurs manquantes imputées : 24
2026-07-29 10:14:26 | INFO     | models.modele_ml | RandomForestClassifier entraîné : 50 arbres, 8 features
2026-07-29 10:14:26 | INFO     | models.rapport_evaluation | Évaluation : accuracy=1.000 precision=1.000 recall=1.000 f1=1.000 roc_auc=0.000
2026-07-29 10:14:26 | INFO     | models.modele_ml | Labels d'utilité générés (règles génériques) : {'trop_vide': 8, 'doublon': 13, 'valeur_aberrante': 0, 'non_utile_total': 18, 'utile_total': 12, 'colonnes_aberrantes': []}
2026-07-29 10:14:26 | INFO     | models.pretraitement | Doublons supprimés : 13
2026-07-29 10:14:26 | INFO     | models.pretraitement | Valeurs manquantes imputées : 17
2026-07-29 10:14:26 | INFO     | models.modele_ml | RandomForestClassifier entraîné : 50 arbres, 6 features
2026-07-29 10:14:26 | INFO     | models.rapport_evaluation | Évaluation : accuracy=0.200 precision=0.040 recall=0.200 f1=0.067 roc_auc=0.375
2026-07-29 10:14:26 | INFO     | models.modele_ml | Labels d'utilité générés (règles génériques) : {'trop_vide': 0, 'doublon': 0, 'valeur_aberrante': 0, 'non_utile_total': 0, 'utile_total': 6, 'colonnes_aberrantes': []}
2026-07-29 10:14:26 | INFO     | models.pretraitement | Doublons supprimés : 0
2026-07-29 10:14:26 | INFO     | models.pretraitement | Valeurs manquantes imputées : 7
2026-07-29 10:14:26 | INFO     | models.modele_ml | Labels d'utilité générés (règles génériques) : {'trop_vide': 0, 'doublon': 0, 'valeur_aberrante': 0, 'non_utile_total': 0, 'utile_total': 10, 'colonnes_aberrantes': []}
2026-07-29 10:14:26 | INFO     | models.pretraitement | Doublons supprimés : 0
2026-07-29 10:14:26 | INFO     | models.pretraitement | Valeurs manquantes imputées : 7
2026-07-29 10:14:26 | INFO     | models.modele_ml | Labels d'utilité générés (règles génériques) : {'trop_vide': 0, 'doublon': 0, 'valeur_aberrante': 0, 'non_utile_total': 0, 'utile_total': 5, 'colonnes_aberrantes': []}
2026-07-29 10:14:26 | INFO     | models.pretraitement | Doublons supprimés : 0
2026-07-29 10:14:26 | INFO     | models.pretraitement | Valeurs manquantes imputées : 1
2026-07-29 10:14:26 | INFO     | models.modele_ml | Labels d'utilité générés (règles génériques) : {'trop_vide': 1, 'doublon': 0, 'valeur_aberrante': 0, 'non_utile_total': 1, 'utile_total': 4, 'colonnes_aberrantes': []}
2026-07-29 10:14:26 | INFO     | models.pretraitement | Doublons supprimés : 0
2026-07-29 10:14:26 | INFO     | models.pretraitement | Valeurs manquantes imputées : 9
2026-07-29 10:14:26 | INFO     | models.modele_ml | RandomForestClassifier entraîné : 50 arbres, 7 features
2026-07-29 10:14:26 | INFO     | models.rapport_evaluation | Évaluation : accuracy=0.000 precision=0.000 recall=0.000 f1=0.000 roc_auc=0.000
2026-07-29 10:14:26 | INFO     | models.modele_ml | Labels d'utilité générés (règles génériques) : {'trop_vide': 2, 'doublon': 7, 'valeur_aberrante': 0, 'non_utile_total': 8, 'utile_total': 2, 'colonnes_aberrantes': []}
2026-07-29 10:14:26 | INFO     | models.pretraitement | Doublons supprimés : 7
2026-07-29 10:14:26 | INFO     | models.pretraitement | Valeurs manquantes imputées : 1
2026-07-29 10:14:26 | INFO     | models.modele_ml | RandomForestClassifier entraîné : 50 arbres, 2 features
2026-07-29 10:14:26 | INFO     | models.modele_ml | Labels d'utilité générés (règles génériques) : {'trop_vide': 1, 'doublon': 0, 'valeur_aberrante': 0, 'non_utile_total': 1, 'utile_total': 14, 'colonnes_aberrantes': []}
2026-07-29 10:14:26 | INFO     | models.pretraitement | Doublons supprimés : 0
2026-07-29 10:14:26 | INFO     | models.pretraitement | Valeurs manquantes imputées : 7
2026-07-29 10:14:26 | INFO     | models.modele_ml | RandomForestClassifier entraîné : 50 arbres, 4 features
2026-07-29 10:14:26 | INFO     | models.rapport_evaluation | Évaluation : accuracy=1.000 precision=1.000 recall=1.000 f1=1.000 roc_auc=0.000
2026-07-29 10:14:26 | INFO     | models.modele_ml | Labels d'utilité générés (règles génériques) : {'trop_vide': 1, 'doublon': 1, 'valeur_aberrante': 0, 'non_utile_total': 2, 'utile_total': 18, 'colonnes_aberrantes': []}
2026-07-29 10:14:26 | INFO     | models.pretraitement | Doublons supprimés : 1
2026-07-29 10:14:26 | INFO     | models.pretraitement | Valeurs manquantes imputées : 8
2026-07-29 10:14:26 | INFO     | models.modele_ml | RandomForestClassifier entraîné : 50 arbres, 7 features
2026-07-29 10:14:26 | INFO     | models.rapport_evaluation | Évaluation : accuracy=0.800 precision=1.000 recall=0.800 f1=0.889 roc_auc=0.000
2026-07-29 10:14:26 | INFO     | models.modele_ml | Labels d'utilité générés (règles génériques) : {'trop_vide': 0, 'doublon': 0, 'valeur_aberrante': 0, 'non_utile_total': 0, 'utile_total': 5, 'colonnes_aberrantes': []}
2026-07-29 10:14:26 | INFO     | models.pretraitement | Doublons supprimés : 0
2026-07-29 10:14:26 | INFO     | models.pretraitement | Valeurs manquantes imputées : 0
2026-07-29 10:14:26 | INFO     | models.modele_ml | Labels d'utilité générés (règles génériques) : {'trop_vide': 3, 'doublon': 6, 'valeur_aberrante': 0, 'non_utile_total': 7, 'utile_total': 8, 'colonnes_aberrantes': []}
2026-07-29 10:14:26 | INFO     | models.pretraitement | Doublons supprimés : 6
2026-07-29 10:14:26 | INFO     | models.pretraitement | Valeurs manquantes imputées : 6
2026-07-29 10:14:26 | INFO     | models.modele_ml | RandomForestClassifier entraîné : 50 arbres, 4 features
2026-07-29 10:14:26 | INFO     | models.rapport_evaluation | Évaluation : accuracy=0.333 precision=1.000 recall=0.333 f1=0.500 roc_auc=0.000
2026-07-29 10:14:26 | INFO     | models.modele_ml | Labels d'utilité générés (règles génériques) : {'trop_vide': 0, 'doublon': 0, 'valeur_aberrante': 0, 'non_utile_total': 0, 'utile_total': 15, 'colonnes_aberrantes': []}
2026-07-29 10:14:26 | INFO     | models.pretraitement | Doublons supprimés : 0
2026-07-29 10:14:26 | INFO     | models.pretraitement | Valeurs manquantes imputées : 9
2026-07-29 10:14:26 | INFO     | models.modele_ml | Labels d'utilité générés (règles génériques) : {'trop_vide': 3, 'doublon': 11, 'valeur_aberrante': 0, 'non_utile_total': 12, 'utile_total': 8, 'colonnes_aberrantes': []}
2026-07-29 10:14:26 | INFO     | models.pretraitement | Doublons supprimés : 11
2026-07-29 10:14:26 | INFO     | models.pretraitement | Valeurs manquantes imputées : 1
2026-07-29 10:14:26 | INFO     | models.modele_ml | RandomForestClassifier entraîné : 50 arbres, 1 features
2026-07-29 10:14:26 | INFO     | models.rapport_evaluation | Évaluation : accuracy=0.667 precision=1.000 recall=0.667 f1=0.800 roc_auc=0.000
2026-07-29 10:14:26 | INFO     | models.modele_ml | Labels d'utilité générés (règles génériques) : {'trop_vide': 0, 'doublon': 0, 'valeur_aberrante': 0, 'non_utile_total': 0, 'utile_total': 5, 'colonnes_aberrantes': []}
2026-07-29 10:14:26 | INFO     | models.pretraitement | Doublons supprimés : 0
2026-07-29 10:14:26 | INFO     | models.pretraitement | Valeurs manquantes imputées : 4
2026-07-29 10:14:26 | INFO     | models.modele_ml | Labels d'utilité générés (règles génériques) : {'trop_vide': 1, 'doublon': 0, 'valeur_aberrante': 0, 'non_utile_total': 1, 'utile_total': 4, 'colonnes_aberrantes': []}
2026-07-29 10:14:26 | INFO     | models.pretraitement | Doublons supprimés : 0
2026-07-29 10:14:26 | INFO     | models.pretraitement | Valeurs manquantes imputées : 10
2026-07-29 10:14:26 | INFO     | models.modele_ml | RandomForestClassifier entraîné : 50 arbres, 7 features
2026-07-29 10:14:26 | INFO     | models.rapport_evaluation | Évaluation : accuracy=1.000 precision=1.000 recall=1.000 f1=1.000 roc_auc=0.000
2026-07-29 10:14:26 | INFO     | models.modele_ml | Labels d'utilité générés (règles génériques) : {'trop_vide': 1, 'doublon': 2, 'valeur_aberrante': 0, 'non_utile_total': 3, 'utile_total': 12, 'colonnes_aberrantes': []}
2026-07-29 10:14:26 | INFO     | models.pretraitement | Doublons supprimés : 2
2026-07-29 10:14:26 | INFO     | models.pretraitement | Valeurs manquantes imputées : 5
2026-07-29 10:14:27 | INFO     | models.modele_ml | RandomForestClassifier entraîné : 50 arbres, 3 features
2026-07-29 10:14:27 | INFO     | models.rapport_evaluation | Évaluation : accuracy=0.750 precision=1.000 recall=0.750 f1=0.857 roc_auc=0.000
2026-07-29 10:14:27 | INFO     | models.modele_ml | Labels d'utilité générés (règles génériques) : {'trop_vide': 2, 'doublon': 0, 'valeur_aberrante': 0, 'non_utile_total': 2, 'utile_total': 28, 'colonnes_aberrantes': []}
2026-07-29 10:14:27 | INFO     | models.pretraitement | Doublons supprimés : 0
2026-07-29 10:14:27 | INFO     | models.pretraitement | Valeurs manquantes imputées : 33
2026-07-29 10:14:27 | INFO     | models.modele_ml | RandomForestClassifier entraîné : 50 arbres, 9 features
2026-07-29 10:14:27 | INFO     | models.rapport_evaluation | Évaluation : accuracy=0.750 precision=0.917 recall=0.750 f1=0.792 roc_auc=0.857
2026-07-29 10:14:27 | INFO     | models.modele_ml | Labels d'utilité générés (règles génériques) : {'trop_vide': 2, 'doublon': 3, 'valeur_aberrante': 0, 'non_utile_total': 5, 'utile_total': 10, 'colonnes_aberrantes': []}
2026-07-29 10:14:27 | INFO     | models.pretraitement | Doublons supprimés : 3
2026-07-29 10:14:27 | INFO     | models.pretraitement | Valeurs manquantes imputées : 8
2026-07-29 10:14:27 | INFO     | models.modele_ml | RandomForestClassifier entraîné : 50 arbres, 7 features
2026-07-29 10:14:27 | INFO     | models.rapport_evaluation | Évaluation : accuracy=0.667 precision=0.833 recall=0.667 f1=0.667 roc_auc=0.750
2026-07-29 10:14:27 | INFO     | models.modele_ml | Labels d'utilité générés (règles génériques) : {'trop_vide': 0, 'doublon': 0, 'valeur_aberrante': 0, 'non_utile_total': 0, 'utile_total': 5, 'colonnes_aberrantes': []}
2026-07-29 10:14:27 | INFO     | models.pretraitement | Doublons supprimés : 0
2026-07-29 10:14:27 | INFO     | models.pretraitement | Valeurs manquantes imputées : 4
2026-07-29 10:14:27 | INFO     | models.modele_ml | Labels d'utilité générés (règles génériques) : {'trop_vide': 2, 'doublon': 2, 'valeur_aberrante': 0, 'non_utile_total': 4, 'utile_total': 6, 'colonnes_aberrantes': []}
2026-07-29 10:14:27 | INFO     | models.pretraitement | Doublons supprimés : 2
2026-07-29 10:14:27 | INFO     | models.pretraitement | Valeurs manquantes imputées : 10
2026-07-29 10:14:27 | INFO     | models.modele_ml | RandomForestClassifier entraîné : 50 arbres, 7 features
2026-07-29 10:14:27 | INFO     | models.rapport_evaluation | Évaluation : accuracy=1.000 precision=1.000 recall=1.000 f1=1.000 roc_auc=1.000
2026-07-29 10:14:27 | INFO     | models.modele_ml | Labels d'utilité générés (règles génériques) : {'trop_vide': 0, 'doublon': 0, 'valeur_aberrante': 0, 'non_utile_total': 0, 'utile_total': 8, 'colonnes_aberrantes': []}
2026-07-29 10:14:27 | INFO     | models.pretraitement | Doublons supprimés : 0
2026-07-29 10:14:27 | INFO     | models.pretraitement | Valeurs manquantes imputées : 2
2026-07-29 10:14:27 | INFO     | models.modele_ml | Labels d'utilité générés (règles génériques) : {'trop_vide': 0, 'doublon': 0, 'valeur_aberrante': 0, 'non_utile_total': 0, 'utile_total': 5, 'colonnes_aberrantes': []}
2026-07-29 10:14:27 | INFO     | models.pretraitement | Doublons supprimés : 0
2026-07-29 10:14:27 | INFO     | models.pretraitement | Valeurs manquantes imputées : 2
2026-07-29 10:14:27 | INFO     | models.modele_ml | Labels d'utilité générés (règles génériques) : {'trop_vide': 0, 'doublon': 1, 'valeur_aberrante': 0, 'non_utile_total': 1, 'utile_total': 19, 'colonnes_aberrantes': []}
2026-07-29 10:14:27 | INFO     | models.pretraitement | Doublons supprimés : 1
2026-07-29 10:14:27 | INFO     | models.pretraitement | Valeurs manquantes imputées : 5
2026-07-29 10:14:27 | INFO     | models.modele_ml | Labels d'utilité générés (règles génériques) : {'trop_vide': 3, 'doublon': 5, 'valeur_aberrante': 0, 'non_utile_total': 6, 'utile_total': 2, 'colonnes_aberrantes': []}
2026-07-29 10:14:27 | INFO     | models.pretraitement | Doublons supprimés : 5
2026-07-29 10:14:27 | INFO     | models.pretraitement | Valeurs manquantes imputées : 1
2026-07-29 10:14:27 | INFO     | models.modele_ml | RandomForestClassifier entraîné : 50 arbres, 2 features
2026-07-29 10:14:27 | INFO     | models.modele_ml | Labels d'utilité générés (règles génériques) : {'trop_vide': 5, 'doublon': 22, 'valeur_aberrante': 0, 'non_utile_total': 23, 'utile_total': 7, 'colonnes_aberrantes': []}
2026-07-29 10:14:27 | INFO     | models.pretraitement | Doublons supprimés : 22
2026-07-29 10:14:27 | INFO     | models.pretraitement | Valeurs manquantes imputées : 5
2026-07-29 10:14:27 | INFO     | models.modele_ml | RandomForestClassifier entraîné : 50 arbres, 4 features
2026-07-29 10:14:27 | INFO     | models.rapport_evaluation | Évaluation : accuracy=0.000 precision=0.000 recall=0.000 f1=0.000 roc_auc=0.000
2026-07-29 10:14:27 | INFO     | models.modele_ml | Labels d'utilité générés (règles génériques) : {'trop_vide': 2, 'doublon': 3, 'valeur_aberrante': 0, 'non_utile_total': 4, 'utile_total': 2, 'colonnes_aberrantes': []}
2026-07-29 10:14:27 | INFO     | models.pretraitement | Doublons supprimés : 3
2026-07-29 10:14:27 | INFO     | models.pretraitement | Valeurs manquantes imputées : 1
2026-07-29 10:14:27 | INFO     | models.modele_ml | RandomForestClassifier entraîné : 50 arbres, 1 features
2026-07-29 10:14:27 | INFO     | models.modele_ml | Labels d'utilité générés (règles génériques) : {'trop_vide': 1, 'doublon': 1, 'valeur_aberrante': 0, 'non_utile_total': 2, 'utile_total': 6, 'colonnes_aberrantes': []}
2026-07-29 10:14:27 | INFO     | models.pretraitement | Doublons supprimés : 1
2026-07-29 10:14:27 | INFO     | models.pretraitement | Valeurs manquantes imputées : 5
2026-07-29 10:14:27 | INFO     | models.modele_ml | RandomForestClassifier entraîné : 50 arbres, 4 features
2026-07-29 10:14:27 | INFO     | models.rapport_evaluation | Évaluation : accuracy=0.000 precision=0.000 recall=0.000 f1=0.000 roc_auc=0.000
2026-07-29 10:14:27 | INFO     | models.modele_ml | Labels d'utilité générés (règles génériques) : {'trop_vide': 2, 'doublon': 7, 'valeur_aberrante': 0, 'non_utile_total': 8, 'utile_total': 22, 'colonnes_aberrantes': []}
2026-07-29 10:14:27 | INFO     | models.pretraitement | Doublons supprimés : 7
2026-07-29 10:14:27 | INFO     | models.pretraitement | Valeurs manquantes imputées : 7
2026-07-29 10:14:27 | INFO     | models.modele_ml | RandomForestClassifier entraîné : 50 arbres, 4 features
2026-07-29 10:14:27 | INFO     | models.rapport_evaluation | Évaluation : accuracy=1.000 precision=1.000 recall=1.000 f1=1.000 roc_auc=0.000
2026-07-29 10:14:27 | INFO     | models.modele_ml | Labels d'utilité générés (règles génériques) : {'trop_vide': 1, 'doublon': 0, 'valeur_aberrante': 0, 'non_utile_total': 1, 'utile_total': 4, 'colonnes_aberrantes': []}
2026-07-29 10:14:27 | INFO     | models.pretraitement | Doublons supprimés : 0
2026-07-29 10:14:27 | INFO     | models.pretraitement | Valeurs manquantes imputées : 7
2026-07-29 10:14:27 | INFO     | models.modele_ml | RandomForestClassifier entraîné : 50 arbres, 8 features
2026-07-29 10:14:27 | INFO     | models.rapport_evaluation | Évaluation : accuracy=0.000 precision=0.000 recall=0.000 f1=0.000 roc_auc=0.000
2026-07-29 10:14:27 | INFO     | models.modele_ml | Labels d'utilité générés (règles génériques) : {'trop_vide': 0, 'doublon': 0, 'valeur_aberrante': 0, 'non_utile_total': 0, 'utile_total': 5, 'colonnes_aberrantes': []}
2026-07-29 10:14:27 | INFO     | models.pretraitement | Doublons supprimés : 0
2026-07-29 10:14:27 | INFO     | models.pretraitement | Valeurs manquantes imputées : 0
2026-07-29 10:14:27 | INFO     | models.modele_ml | Labels d'utilité générés (règles génériques) : {'trop_vide': 0, 'doublon': 0, 'valeur_aberrante': 0, 'non_utile_total': 0, 'utile_total': 10, 'colonnes_aberrantes': []}
2026-07-29 10:14:27 | INFO     | models.pretraitement | Doublons supprimés : 0
2026-07-29 10:14:27 | INFO     | models.pretraitement | Valeurs manquantes imputées : 7
2026-07-29 10:14:27 | INFO     | models.modele_ml | Labels d'utilité générés (règles génériques) : {'trop_vide': 2, 'doublon': 5, 'valeur_aberrante': 0, 'non_utile_total': 6, 'utile_total': 2, 'colonnes_aberrantes': []}
2026-07-29 10:14:27 | INFO     | models.pretraitement | Doublons supprimés : 5
2026-07-29 10:14:27 | INFO     | models.pretraitement | Valeurs manquantes imputées : 1
2026-07-29 10:14:27 | INFO     | models.modele_ml | RandomForestClassifier entraîné : 50 arbres, 2 features
2026-07-29 10:14:27 | INFO     | models.rapport_evaluation | Évaluation : accuracy=1.000 precision=1.000 recall=1.000 f1=1.000 roc_auc=0.000
2026-07-29 10:14:27 | INFO     | models.modele_ml | Labels d'utilité générés (règles génériques) : {'trop_vide': 2, 'doublon': 0, 'valeur_aberrante': 0, 'non_utile_total': 2, 'utile_total': 13, 'colonnes_aberrantes': []}
2026-07-29 10:14:27 | INFO     | models.pretraitement | Doublons supprimés : 0
2026-07-29 10:14:27 | INFO     | models.pretraitement | Valeurs manquantes imputées : 10
2026-07-29 10:14:27 | INFO     | models.modele_ml | RandomForestClassifier entraîné : 50 arbres, 6 features
2026-07-29 10:14:27 | INFO     | models.rapport_evaluation | Évaluation : accuracy=0.500 precision=0.500 recall=0.500 f1=0.500 roc_auc=0.667
2026-07-29 10:14:27 | INFO     | models.modele_ml | Labels d'utilité générés (règles génériques) : {'trop_vide': 0, 'doublon': 0, 'valeur_aberrante': 0, 'non_utile_total': 0, 'utile_total': 6, 'colonnes_aberrantes': []}
2026-07-29 10:14:27 | INFO     | models.pretraitement | Doublons supprimés : 0
2026-07-29 10:14:27 | INFO     | models.pretraitement | Valeurs manquantes imputées : 2
2026-07-29 10:14:27 | INFO     | models.modele_ml | Labels d'utilité générés (règles génériques) : {'trop_vide': 0, 'doublon': 1, 'valeur_aberrante': 0, 'non_utile_total': 1, 'utile_total': 5, 'colonnes_aberrantes': []}
2026-07-29 10:14:27 | INFO     | models.pretraitement | Doublons supprimés : 1
2026-07-29 10:14:27 | INFO     | models.pretraitement | Valeurs manquantes imputées : 2
2026-07-29 10:14:27 | INFO     | models.modele_ml | Labels d'utilité générés (règles génériques) : {'trop_vide': 1, 'doublon': 2, 'valeur_aberrante': 0, 'non_utile_total': 3, 'utile_total': 5, 'colonnes_aberrantes': []}
2026-07-29 10:14:27 | INFO     | models.pretraitement | Doublons supprimés : 2
2026-07-29 10:14:27 | INFO     | models.pretraitement | Valeurs manquantes imputées : 5
2026-07-29 10:14:27 | INFO     | models.modele_ml | RandomForestClassifier entraîné : 50 arbres, 5 features
2026-07-29 10:14:27 | INFO     | models.rapport_evaluation | Évaluation : accuracy=0.500 precision=1.000 recall=0.500 f1=0.667 roc_auc=0.000
2026-07-29 10:14:27 | INFO     | models.modele_ml | Labels d'utilité générés (règles génériques) : {'trop_vide': 0, 'doublon': 0, 'valeur_aberrante': 0, 'non_utile_total': 0, 'utile_total': 6, 'colonnes_aberrantes': []}
2026-07-29 10:14:27 | INFO     | models.pretraitement | Doublons supprimés : 0
2026-07-29 10:14:27 | INFO     | models.pretraitement | Valeurs manquantes imputées : 5
2026-07-29 10:14:27 | INFO     | models.modele_ml | Labels d'utilité générés (règles génériques) : {'trop_vide': 0, 'doublon': 0, 'valeur_aberrante': 0, 'non_utile_total': 0, 'utile_total': 6, 'colonnes_aberrantes': []}
2026-07-29 10:14:27 | INFO     | models.pretraitement | Doublons supprimés : 0
2026-07-29 10:14:27 | INFO     | models.pretraitement | Valeurs manquantes imputées : 6
2026-07-29 10:14:27 | INFO     | models.modele_ml | Labels d'utilité générés (règles génériques) : {'trop_vide': 2, 'doublon': 0, 'valeur_aberrante': 1, 'non_utile_total': 3, 'utile_total': 3, 'colonnes_aberrantes': ['num1']}
2026-07-29 10:14:27 | INFO     | models.pretraitement | Doublons supprimés : 0
2026-07-29 10:14:27 | INFO     | models.pretraitement | Valeurs manquantes imputées : 12
2026-07-29 10:14:28 | INFO     | models.modele_ml | RandomForestClassifier entraîné : 50 arbres, 5 features
2026-07-29 10:14:28 | INFO     | models.rapport_evaluation | Évaluation : accuracy=0.000 precision=0.000 recall=0.000 f1=0.000 roc_auc=0.000
2026-07-29 10:14:28 | INFO     | models.modele_ml | Labels d'utilité générés (règles génériques) : {'trop_vide': 0, 'doublon': 1, 'valeur_aberrante': 0, 'non_utile_total': 1, 'utile_total': 9, 'colonnes_aberrantes': []}
2026-07-29 10:14:28 | INFO     | models.pretraitement | Doublons supprimés : 1
2026-07-29 10:14:28 | INFO     | models.pretraitement | Valeurs manquantes imputées : 6
2026-07-29 10:14:28 | INFO     | models.modele_ml | Labels d'utilité générés (règles génériques) : {'trop_vide': 0, 'doublon': 0, 'valeur_aberrante': 0, 'non_utile_total': 0, 'utile_total': 10, 'colonnes_aberrantes': []}
2026-07-29 10:14:28 | INFO     | models.pretraitement | Doublons supprimés : 0
2026-07-29 10:14:28 | INFO     | models.pretraitement | Valeurs manquantes imputées : 4
2026-07-29 10:14:28 | INFO     | models.modele_ml | Labels d'utilité générés (règles génériques) : {'trop_vide': 0, 'doublon': 5, 'valeur_aberrante': 0, 'non_utile_total': 5, 'utile_total': 5, 'colonnes_aberrantes': []}
2026-07-29 10:14:28 | INFO     | models.pretraitement | Doublons supprimés : 5
2026-07-29 10:14:28 | INFO     | models.pretraitement | Valeurs manquantes imputées : 0
2026-07-29 10:14:28 | INFO     | models.modele_ml | Labels d'utilité générés (règles génériques) : {'trop_vide': 0, 'doublon': 2, 'valeur_aberrante': 0, 'non_utile_total': 2, 'utile_total': 28, 'colonnes_aberrantes': []}
2026-07-29 10:14:28 | INFO     | models.pretraitement | Doublons supprimés : 2
2026-07-29 10:14:28 | INFO     | models.pretraitement | Valeurs manquantes imputées : 5
2026-07-29 10:14:28 | INFO     | models.modele_ml | Labels d'utilité générés (règles génériques) : {'trop_vide': 0, 'doublon': 0, 'valeur_aberrante': 0, 'non_utile_total': 0, 'utile_total': 5, 'colonnes_aberrantes': []}
2026-07-29 10:14:28 | INFO     | models.pretraitement | Doublons supprimés : 0
2026-07-29 10:14:28 | INFO     | models.pretraitement | Valeurs manquantes imputées : 3
2026-07-29 10:14:28 | INFO     | models.modele_ml | Labels d'utilité générés (règles génériques) : {'trop_vide': 0, 'doublon': 0, 'valeur_aberrante': 0, 'non_utile_total': 0, 'utile_total': 6, 'colonnes_aberrantes': []}
2026-07-29 10:14:28 | INFO     | models.pretraitement | Doublons supprimés : 0
2026-07-29 10:14:28 | INFO     | models.pretraitement | Valeurs manquantes imputées : 6
2026-07-29 10:14:28 | INFO     | models.modele_ml | Labels d'utilité générés (règles génériques) : {'trop_vide': 1, 'doublon': 0, 'valeur_aberrante': 0, 'non_utile_total': 1, 'utile_total': 7, 'colonnes_aberrantes': []}
2026-07-29 10:14:28 | INFO     | models.pretraitement | Doublons supprimés : 0
2026-07-29 10:14:28 | INFO     | models.pretraitement | Valeurs manquantes imputées : 4
2026-07-29 10:14:28 | INFO     | models.modele_ml | RandomForestClassifier entraîné : 50 arbres, 4 features
2026-07-29 10:14:28 | INFO     | models.rapport_evaluation | Évaluation : accuracy=1.000 precision=1.000 recall=1.000 f1=1.000 roc_auc=0.000
2026-07-29 10:14:28 | INFO     | models.modele_ml | Labels d'utilité générés (règles génériques) : {'trop_vide': 1, 'doublon': 0, 'valeur_aberrante': 0, 'non_utile_total': 1, 'utile_total': 19, 'colonnes_aberrantes': []}
2026-07-29 10:14:28 | INFO     | models.pretraitement | Doublons supprimés : 0
2026-07-29 10:14:28 | INFO     | models.pretraitement | Valeurs manquantes imputées : 6
2026-07-29 10:14:28 | INFO     | models.modele_ml | RandomForestClassifier entraîné : 50 arbres, 3 features
2026-07-29 10:14:28 | INFO     | models.rapport_evaluation | Évaluation : accuracy=1.000 precision=1.000 recall=1.000 f1=1.000 roc_auc=0.000
2026-07-29 10:14:28 | INFO     | models.modele_ml | Labels d'utilité générés (règles génériques) : {'trop_vide': 2, 'doublon': 2, 'valeur_aberrante': 0, 'non_utile_total': 4, 'utile_total': 26, 'colonnes_aberrantes': []}
2026-07-29 10:14:28 | INFO     | models.pretraitement | Doublons supprimés : 2
2026-07-29 10:14:28 | INFO     | models.pretraitement | Valeurs manquantes imputées : 12
2026-07-29 10:14:28 | INFO     | models.modele_ml | RandomForestClassifier entraîné : 50 arbres, 4 features
2026-07-29 10:14:28 | INFO     | models.rapport_evaluation | Évaluation : accuracy=0.857 precision=0.735 recall=0.857 f1=0.791 roc_auc=0.750
2026-07-29 10:14:28 | INFO     | models.modele_ml | Labels d'utilité générés (règles génériques) : {'trop_vide': 1, 'doublon': 0, 'valeur_aberrante': 0, 'non_utile_total': 1, 'utile_total': 29, 'colonnes_aberrantes': []}
2026-07-29 10:14:28 | INFO     | models.pretraitement | Doublons supprimés : 0
2026-07-29 10:14:28 | INFO     | models.pretraitement | Valeurs manquantes imputées : 38
2026-07-29 10:14:28 | INFO     | models.modele_ml | RandomForestClassifier entraîné : 50 arbres, 10 features
2026-07-29 10:14:28 | INFO     | models.rapport_evaluation | Évaluation : accuracy=1.000 precision=1.000 recall=1.000 f1=1.000 roc_auc=0.000
2026-07-29 10:14:28 | INFO     | models.modele_ml | Labels d'utilité générés (règles génériques) : {'trop_vide': 0, 'doublon': 0, 'valeur_aberrante': 0, 'non_utile_total': 0, 'utile_total': 5, 'colonnes_aberrantes': []}
2026-07-29 10:14:28 | INFO     | models.pretraitement | Doublons supprimés : 0
2026-07-29 10:14:28 | INFO     | models.pretraitement | Valeurs manquantes imputées : 3
2026-07-29 10:14:28 | INFO     | models.modele_ml | Labels d'utilité générés (règles génériques) : {'trop_vide': 4, 'doublon': 8, 'valeur_aberrante': 0, 'non_utile_total': 11, 'utile_total': 19, 'colonnes_aberrantes': []}
2026-07-29 10:14:28 | INFO     | models.pretraitement | Doublons supprimés : 8
2026-07-29 10:14:28 | INFO     | models.pretraitement | Valeurs manquantes imputées : 16
2026-07-29 10:14:28 | INFO     | models.modele_ml | RandomForestClassifier entraîné : 50 arbres, 7 features
2026-07-29 10:14:28 | INFO     | models.rapport_evaluation | Évaluation : accuracy=0.833 precision=0.694 recall=0.833 f1=0.758 roc_auc=0.500
2026-07-29 10:14:28 | INFO     | models.modele_ml | Labels d'utilité générés (règles génériques) : {'trop_vide': 0, 'doublon': 0, 'valeur_aberrante': 0, 'non_utile_total': 0, 'utile_total': 15, 'colonnes_aberrantes': []}
2026-07-29 10:14:28 | INFO     | models.pretraitement | Doublons supprimés : 0
2026-07-29 10:14:28 | INFO     | models.pretraitement | Valeurs manquantes imputées : 19
2026-07-29 10:14:28 | INFO     | models.modele_ml | Labels d'utilité générés (règles génériques) : {'trop_vide': 0, 'doublon': 0, 'valeur_aberrante': 0, 'non_utile_total': 0, 'utile_total': 8, 'colonnes_aberrantes': []}
2026-07-29 10:14:28 | INFO     | models.pretraitement | Doublons supprimés : 0
2026-07-29 10:14:28 | INFO     | models.pretraitement | Valeurs manquantes imputées : 6
2026-07-29 10:14:28 | INFO     | models.modele_ml | Labels d'utilité générés (règles génériques) : {'trop_vide': 0, 'doublon': 0, 'valeur_aberrante': 0, 'non_utile_total': 0, 'utile_total': 8, 'colonnes_aberrantes': []}
2026-07-29 10:14:28 | INFO     | models.pretraitement | Doublons supprimés : 0
2026-07-29 10:14:28 | INFO     | models.pretraitement | Valeurs manquantes imputées : 7
2026-07-29 10:14:28 | INFO     | models.modele_ml | Labels d'utilité générés (règles génériques) : {'trop_vide': 0, 'doublon': 0, 'valeur_aberrante': 0, 'non_utile_total': 0, 'utile_total': 5, 'colonnes_aberrantes': []}
2026-07-29 10:14:28 | INFO     | models.pretraitement | Doublons supprimés : 0
2026-07-29 10:14:28 | INFO     | models.pretraitement | Valeurs manquantes imputées : 6
2026-07-29 10:14:28 | INFO     | models.modele_ml | Labels d'utilité générés (règles génériques) : {'trop_vide': 0, 'doublon': 0, 'valeur_aberrante': 0, 'non_utile_total': 0, 'utile_total': 5, 'colonnes_aberrantes': []}
2026-07-29 10:14:28 | INFO     | models.pretraitement | Doublons supprimés : 0
2026-07-29 10:14:28 | INFO     | models.pretraitement | Valeurs manquantes imputées : 2
2026-07-29 10:14:28 | INFO     | models.modele_ml | Labels d'utilité générés (règles génériques) : {'trop_vide': 0, 'doublon': 0, 'valeur_aberrante': 0, 'non_utile_total': 0, 'utile_total': 10, 'colonnes_aberrantes': []}
2026-07-29 10:14:28 | INFO     | models.pretraitement | Doublons supprimés : 0
2026-07-29 10:14:28 | INFO     | models.pretraitement | Valeurs manquantes imputées : 9
2026-07-29 10:14:28 | INFO     | models.modele_ml | Labels d'utilité générés (règles génériques) : {'trop_vide': 5, 'doublon': 11, 'valeur_aberrante': 0, 'non_utile_total': 12, 'utile_total': 3, 'colonnes_aberrantes': []}
2026-07-29 10:14:28 | INFO     | models.pretraitement | Doublons supprimés : 11
2026-07-29 10:14:28 | INFO     | models.pretraitement | Valeurs manquantes imputées : 1
2026-07-29 10:14:28 | INFO     | models.modele_ml | RandomForestClassifier entraîné : 50 arbres, 3 features
2026-07-29 10:14:28 | INFO     | models.rapport_evaluation | Évaluation : accuracy=0.000 precision=0.000 recall=0.000 f1=0.000 roc_auc=0.000
2026-07-29 10:14:28 | INFO     | models.modele_ml | Labels d'utilité générés (règles génériques) : {'trop_vide': 1, 'doublon': 0, 'valeur_aberrante': 0, 'non_utile_total': 1, 'utile_total': 19, 'colonnes_aberrantes': []}
2026-07-29 10:14:28 | INFO     | models.pretraitement | Doublons supprimés : 0
2026-07-29 10:14:28 | INFO     | models.pretraitement | Valeurs manquantes imputées : 26
2026-07-29 10:14:28 | INFO     | models.modele_ml | RandomForestClassifier entraîné : 50 arbres, 11 features
2026-07-29 10:14:28 | INFO     | models.rapport_evaluation | Évaluation : accuracy=1.000 precision=1.000 recall=1.000 f1=1.000 roc_auc=0.000
2026-07-29 10:14:28 | INFO     | models.modele_ml | Labels d'utilité générés (règles génériques) : {'trop_vide': 0, 'doublon': 4, 'valeur_aberrante': 0, 'non_utile_total': 4, 'utile_total': 11, 'colonnes_aberrantes': []}
2026-07-29 10:14:28 | INFO     | models.pretraitement | Doublons supprimés : 4
2026-07-29 10:14:28 | INFO     | models.pretraitement | Valeurs manquantes imputées : 3
2026-07-29 10:14:28 | INFO     | models.modele_ml | Labels d'utilité générés (règles génériques) : {'trop_vide': 1, 'doublon': 0, 'valeur_aberrante': 0, 'non_utile_total': 1, 'utile_total': 19, 'colonnes_aberrantes': []}
2026-07-29 10:14:28 | INFO     | models.pretraitement | Doublons supprimés : 0
2026-07-29 10:14:28 | INFO     | models.pretraitement | Valeurs manquantes imputées : 5
2026-07-29 10:14:28 | INFO     | models.modele_ml | RandomForestClassifier entraîné : 50 arbres, 3 features
2026-07-29 10:14:28 | INFO     | models.rapport_evaluation | Évaluation : accuracy=1.000 precision=1.000 recall=1.000 f1=1.000 roc_auc=0.000
2026-07-29 10:14:28 | INFO     | models.modele_ml | Labels d'utilité générés (règles génériques) : {'trop_vide': 0, 'doublon': 0, 'valeur_aberrante': 0, 'non_utile_total': 0, 'utile_total': 10, 'colonnes_aberrantes': []}
2026-07-29 10:14:28 | INFO     | models.pretraitement | Doublons supprimés : 0
2026-07-29 10:14:28 | INFO     | models.pretraitement | Valeurs manquantes imputées : 10
2026-07-29 10:14:28 | INFO     | models.modele_ml | Labels d'utilité générés (règles génériques) : {'trop_vide': 0, 'doublon': 0, 'valeur_aberrante': 0, 'non_utile_total': 0, 'utile_total': 8, 'colonnes_aberrantes': []}
2026-07-29 10:14:28 | INFO     | models.pretraitement | Doublons supprimés : 0
2026-07-29 10:14:28 | INFO     | models.pretraitement | Valeurs manquantes imputées : 11
2026-07-29 10:14:28 | INFO     | models.modele_ml | Labels d'utilité générés (règles génériques) : {'trop_vide': 1, 'doublon': 0, 'valeur_aberrante': 0, 'non_utile_total': 1, 'utile_total': 19, 'colonnes_aberrantes': []}
2026-07-29 10:14:28 | INFO     | models.pretraitement | Doublons supprimés : 0
2026-07-29 10:14:28 | INFO     | models.pretraitement | Valeurs manquantes imputées : 22
2026-07-29 10:14:28 | INFO     | models.modele_ml | RandomForestClassifier entraîné : 50 arbres, 7 features
2026-07-29 10:14:28 | INFO     | models.rapport_evaluation | Évaluation : accuracy=1.000 precision=1.000 recall=1.000 f1=1.000 roc_auc=0.000
2026-07-29 10:14:28 | INFO     | models.modele_ml | Labels d'utilité générés (règles génériques) : {'trop_vide': 0, 'doublon': 1, 'valeur_aberrante': 0, 'non_utile_total': 1, 'utile_total': 9, 'colonnes_aberrantes': []}
2026-07-29 10:14:28 | INFO     | models.pretraitement | Doublons supprimés : 1
2026-07-29 10:14:28 | INFO     | models.pretraitement | Valeurs manquantes imputées : 3
2026-07-29 10:14:28 | INFO     | models.modele_ml | Labels d'utilité générés (règles génériques) : {'trop_vide': 1, 'doublon': 2, 'valeur_aberrante': 0, 'non_utile_total': 3, 'utile_total': 2, 'colonnes_aberrantes': []}
2026-07-29 10:14:28 | INFO     | models.pretraitement | Doublons supprimés : 2
2026-07-29 10:14:28 | INFO     | models.pretraitement | Valeurs manquantes imputées : 1
2026-07-29 10:14:28 | INFO     | models.modele_ml | RandomForestClassifier entraîné : 50 arbres, 2 features
2026-07-29 10:14:28 | INFO     | models.modele_ml | Labels d'utilité générés (règles génériques) : {'trop_vide': 2, 'doublon': 0, 'valeur_aberrante': 0, 'non_utile_total': 2, 'utile_total': 8, 'colonnes_aberrantes': []}
2026-07-29 10:14:28 | INFO     | models.pretraitement | Doublons supprimés : 0
2026-07-29 10:14:28 | INFO     | models.pretraitement | Valeurs manquantes imputées : 10
2026-07-29 10:14:28 | INFO     | models.modele_ml | RandomForestClassifier entraîné : 50 arbres, 6 features
2026-07-29 10:14:28 | INFO     | models.rapport_evaluation | Évaluation : accuracy=0.667 precision=0.833 recall=0.667 f1=0.667 roc_auc=1.000
2026-07-29 10:14:29 | INFO     | models.modele_ml | Labels d'utilité générés (règles génériques) : {'trop_vide': 0, 'doublon': 0, 'valeur_aberrante': 0, 'non_utile_total': 0, 'utile_total': 30, 'colonnes_aberrantes': []}
2026-07-29 10:14:29 | INFO     | models.pretraitement | Doublons supprimés : 0
2026-07-29 10:14:29 | INFO     | models.pretraitement | Valeurs manquantes imputées : 7
2026-07-29 10:14:29 | INFO     | models.modele_ml | Labels d'utilité générés (règles génériques) : {'trop_vide': 0, 'doublon': 0, 'valeur_aberrante': 0, 'non_utile_total': 0, 'utile_total': 5, 'colonnes_aberrantes': []}
2026-07-29 10:14:29 | INFO     | models.pretraitement | Doublons supprimés : 0
2026-07-29 10:14:29 | INFO     | models.pretraitement | Valeurs manquantes imputées : 1
2026-07-29 10:14:29 | INFO     | models.modele_ml | Labels d'utilité générés (règles génériques) : {'trop_vide': 0, 'doublon': 0, 'valeur_aberrante': 0, 'non_utile_total': 0, 'utile_total': 5, 'colonnes_aberrantes': []}
2026-07-29 10:14:29 | INFO     | models.pretraitement | Doublons supprimés : 0
2026-07-29 10:14:29 | INFO     | models.pretraitement | Valeurs manquantes imputées : 4
2026-07-29 10:14:29 | INFO     | models.modele_ml | Labels d'utilité générés (règles génériques) : {'trop_vide': 2, 'doublon': 0, 'valeur_aberrante': 0, 'non_utile_total': 2, 'utile_total': 4, 'colonnes_aberrantes': []}
2026-07-29 10:14:29 | INFO     | models.pretraitement | Doublons supprimés : 0
2026-07-29 10:14:29 | INFO     | models.pretraitement | Valeurs manquantes imputées : 5
2026-07-29 10:14:29 | INFO     | models.modele_ml | RandomForestClassifier entraîné : 50 arbres, 6 features
2026-07-29 10:14:29 | INFO     | models.rapport_evaluation | Évaluation : accuracy=0.500 precision=0.250 recall=0.500 f1=0.333 roc_auc=1.000
2026-07-29 10:14:29 | INFO     | models.modele_ml | Labels d'utilité générés (règles génériques) : {'trop_vide': 0, 'doublon': 0, 'valeur_aberrante': 0, 'non_utile_total': 0, 'utile_total': 10, 'colonnes_aberrantes': []}
2026-07-29 10:14:29 | INFO     | models.pretraitement | Doublons supprimés : 0
2026-07-29 10:14:29 | INFO     | models.pretraitement | Valeurs manquantes imputées : 8
2026-07-29 10:14:29 | INFO     | models.modele_ml | Labels d'utilité générés (règles génériques) : {'trop_vide': 1, 'doublon': 0, 'valeur_aberrante': 0, 'non_utile_total': 1, 'utile_total': 9, 'colonnes_aberrantes': []}
2026-07-29 10:14:29 | INFO     | models.pretraitement | Doublons supprimés : 0
2026-07-29 10:14:29 | INFO     | models.pretraitement | Valeurs manquantes imputées : 11
2026-07-29 10:14:29 | INFO     | models.modele_ml | RandomForestClassifier entraîné : 50 arbres, 8 features
2026-07-29 10:14:29 | INFO     | models.rapport_evaluation | Évaluation : accuracy=0.667 precision=1.000 recall=0.667 f1=0.800 roc_auc=0.000
2026-07-29 10:14:29 | INFO     | models.modele_ml | Labels d'utilité générés (règles génériques) : {'trop_vide': 3, 'doublon': 2, 'valeur_aberrante': 0, 'non_utile_total': 5, 'utile_total': 10, 'colonnes_aberrantes': []}
2026-07-29 10:14:29 | INFO     | models.pretraitement | Doublons supprimés : 2
2026-07-29 10:14:29 | INFO     | models.pretraitement | Valeurs manquantes imputées : 13
2026-07-29 10:14:29 | INFO     | models.modele_ml | RandomForestClassifier entraîné : 50 arbres, 5 features
2026-07-29 10:14:29 | INFO     | models.rapport_evaluation | Évaluation : accuracy=0.500 precision=0.500 recall=0.500 f1=0.500 roc_auc=0.167
2026-07-29 10:14:29 | INFO     | models.modele_ml | Labels d'utilité générés (règles génériques) : {'trop_vide': 0, 'doublon': 0, 'valeur_aberrante': 0, 'non_utile_total': 0, 'utile_total': 10, 'colonnes_aberrantes': []}
2026-07-29 10:14:29 | INFO     | models.pretraitement | Doublons supprimés : 0
2026-07-29 10:14:29 | INFO     | models.pretraitement | Valeurs manquantes imputées : 10
2026-07-29 10:14:29 | INFO     | models.modele_ml | Labels d'utilité générés (règles génériques) : {'trop_vide': 0, 'doublon': 0, 'valeur_aberrante': 0, 'non_utile_total': 0, 'utile_total': 10, 'colonnes_aberrantes': []}
2026-07-29 10:14:29 | INFO     | models.pretraitement | Doublons supprimés : 0
2026-07-29 10:14:29 | INFO     | models.pretraitement | Valeurs manquantes imputées : 5
2026-07-29 10:14:29 | INFO     | models.modele_ml | Labels d'utilité générés (règles génériques) : {'trop_vide': 0, 'doublon': 0, 'valeur_aberrante': 0, 'non_utile_total': 0, 'utile_total': 6, 'colonnes_aberrantes': []}
2026-07-29 10:14:29 | INFO     | models.pretraitement | Doublons supprimés : 0
2026-07-29 10:14:29 | INFO     | models.pretraitement | Valeurs manquantes imputées : 1
2026-07-29 10:14:29 | INFO     | models.modele_ml | Labels d'utilité générés (règles génériques) : {'trop_vide': 4, 'doublon': 3, 'valeur_aberrante': 0, 'non_utile_total': 4, 'utile_total': 1, 'colonnes_aberrantes': []}
2026-07-29 10:14:29 | INFO     | models.pretraitement | Doublons supprimés : 3
2026-07-29 10:14:29 | INFO     | models.pretraitement | Valeurs manquantes imputées : 1
2026-07-29 10:14:29 | INFO     | models.modele_ml | RandomForestClassifier entraîné : 50 arbres, 1 features
2026-07-29 10:14:29 | INFO     | models.modele_ml | Labels d'utilité générés (règles génériques) : {'trop_vide': 0, 'doublon': 3, 'valeur_aberrante': 0, 'non_utile_total': 3, 'utile_total': 5, 'colonnes_aberrantes': []}
2026-07-29 10:14:29 | INFO     | models.pretraitement | Doublons supprimés : 3
2026-07-29 10:14:29 | INFO     | models.pretraitement | Valeurs manquantes imputées : 0
2026-07-29 10:14:29 | INFO     | models.modele_ml | Labels d'utilité générés (règles génériques) : {'trop_vide': 0, 'doublon': 1, 'valeur_aberrante': 0, 'non_utile_total': 1, 'utile_total': 5, 'colonnes_aberrantes': []}
2026-07-29 10:14:29 | INFO     | models.pretraitement | Doublons supprimés : 1
2026-07-29 10:14:29 | INFO     | models.pretraitement | Valeurs manquantes imputées : 4
2026-07-29 10:14:29 | INFO     | models.modele_ml | Labels d'utilité générés (règles génériques) : {'trop_vide': 1, 'doublon': 0, 'valeur_aberrante': 0, 'non_utile_total': 1, 'utile_total': 29, 'colonnes_aberrantes': []}
2026-07-29 10:14:29 | INFO     | models.pretraitement | Doublons supprimés : 0
2026-07-29 10:14:29 | INFO     | models.pretraitement | Valeurs manquantes imputées : 17
2026-07-29 10:14:29 | INFO     | models.modele_ml | RandomForestClassifier entraîné : 50 arbres, 8 features
2026-07-29 10:14:29 | INFO     | models.rapport_evaluation | Évaluation : accuracy=0.875 precision=1.000 recall=0.875 f1=0.933 roc_auc=0.000
2026-07-29 10:14:29 | INFO     | models.modele_ml | Labels d'utilité générés (règles génériques) : {'trop_vide': 0, 'doublon': 0, 'valeur_aberrante': 0, 'non_utile_total': 0, 'utile_total': 5, 'colonnes_aberrantes': []}
2026-07-29 10:14:29 | INFO     | models.pretraitement | Doublons supprimés : 0
2026-07-29 10:14:29 | INFO     | models.pretraitement | Valeurs manquantes imputées : 5
2026-07-29 10:14:29 | INFO     | models.modele_ml | Labels d'utilité générés (règles génériques) : {'trop_vide': 1, 'doublon': 1, 'valeur_aberrante': 0, 'non_utile_total': 2, 'utile_total': 8, 'colonnes_aberrantes': []}
2026-07-29 10:14:29 | INFO     | models.pretraitement | Doublons supprimés : 1
2026-07-29 10:14:29 | INFO     | models.pretraitement | Valeurs manquantes imputées : 4
2026-07-29 10:14:29 | INFO     | models.modele_ml | RandomForestClassifier entraîné : 50 arbres, 4 features
2026-07-29 10:14:29 | INFO     | models.rapport_evaluation | Évaluation : accuracy=0.667 precision=1.000 recall=0.667 f1=0.800 roc_auc=0.000
2026-07-29 10:14:29 | INFO     | models.modele_ml | Labels d'utilité générés (règles génériques) : {'trop_vide': 0, 'doublon': 2, 'valeur_aberrante': 0, 'non_utile_total': 2, 'utile_total': 4, 'colonnes_aberrantes': []}
2026-07-29 10:14:29 | INFO     | models.pretraitement | Doublons supprimés : 2
2026-07-29 10:14:29 | INFO     | models.pretraitement | Valeurs manquantes imputées : 2
2026-07-29 10:14:29 | INFO     | models.modele_ml | Labels d'utilité générés (règles génériques) : {'trop_vide': 1, 'doublon': 2, 'valeur_aberrante': 0, 'non_utile_total': 3, 'utile_total': 2, 'colonnes_aberrantes': []}
2026-07-29 10:14:29 | INFO     | models.pretraitement | Doublons supprimés : 2
2026-07-29 10:14:29 | INFO     | models.pretraitement | Valeurs manquantes imputées : 1
2026-07-29 10:14:29 | INFO     | models.modele_ml | RandomForestClassifier entraîné : 50 arbres, 2 features
2026-07-29 10:14:29 | INFO     | models.rapport_evaluation | Évaluation : accuracy=0.000 precision=0.000 recall=0.000 f1=0.000 roc_auc=0.000
2026-07-29 10:14:29 | INFO     | models.modele_ml | Labels d'utilité générés (règles génériques) : {'trop_vide': 0, 'doublon': 0, 'valeur_aberrante': 0, 'non_utile_total': 0, 'utile_total': 20, 'colonnes_aberrantes': []}
2026-07-29 10:14:29 | INFO     | models.pretraitement | Doublons supprimés : 0
2026-07-29 10:14:29 | INFO     | models.pretraitement | Valeurs manquantes imputées : 11
2026-07-29 10:14:29 | INFO     | models.modele_ml | Labels d'utilité générés (règles génériques) : {'trop_vide': 0, 'doublon': 0, 'valeur_aberrante': 0, 'non_utile_total': 0, 'utile_total': 6, 'colonnes_aberrantes': []}
2026-07-29 10:14:29 | INFO     | models.pretraitement | Doublons supprimés : 0
2026-07-29 10:14:29 | INFO     | models.pretraitement | Valeurs manquantes imputées : 3
2026-07-29 10:14:29 | INFO     | models.modele_ml | Labels d'utilité générés (règles génériques) : {'trop_vide': 0, 'doublon': 0, 'valeur_aberrante': 0, 'non_utile_total': 0, 'utile_total': 15, 'colonnes_aberrantes': []}
2026-07-29 10:14:29 | INFO     | models.pretraitement | Doublons supprimés : 0
2026-07-29 10:14:29 | INFO     | models.pretraitement | Valeurs manquantes imputées : 2
2026-07-29 10:14:29 | INFO     | models.modele_ml | Labels d'utilité générés (règles génériques) : {'trop_vide': 0, 'doublon': 0, 'valeur_aberrante': 0, 'non_utile_total': 0, 'utile_total': 8, 'colonnes_aberrantes': []}
2026-07-29 10:14:29 | INFO     | models.pretraitement | Doublons supprimés : 0
2026-07-29 10:14:29 | INFO     | models.pretraitement | Valeurs manquantes imputées : 5
2026-07-29 10:14:29 | INFO     | models.modele_ml | Labels d'utilité générés (règles génériques) : {'trop_vide': 0, 'doublon': 0, 'valeur_aberrante': 0, 'non_utile_total': 0, 'utile_total': 5, 'colonnes_aberrantes': []}
2026-07-29 10:14:29 | INFO     | models.pretraitement | Doublons supprimés : 0
2026-07-29 10:14:29 | INFO     | models.pretraitement | Valeurs manquantes imputées : 3
2026-07-29 10:14:29 | INFO     | models.modele_ml | Labels d'utilité générés (règles génériques) : {'trop_vide': 0, 'doublon': 1, 'valeur_aberrante': 0, 'non_utile_total': 1, 'utile_total': 5, 'colonnes_aberrantes': []}
2026-07-29 10:14:29 | INFO     | models.pretraitement | Doublons supprimés : 1
2026-07-29 10:14:29 | INFO     | models.pretraitement | Valeurs manquantes imputées : 3
2026-07-29 10:14:29 | INFO     | models.modele_ml | Labels d'utilité générés (règles génériques) : {'trop_vide': 0, 'doublon': 0, 'valeur_aberrante': 0, 'non_utile_total': 0, 'utile_total': 20, 'colonnes_aberrantes': []}
2026-07-29 10:14:29 | INFO     | models.pretraitement | Doublons supprimés : 0
2026-07-29 10:14:29 | INFO     | models.pretraitement | Valeurs manquantes imputées : 10
2026-07-29 10:14:29 | INFO     | models.modele_ml | Labels d'utilité générés (règles génériques) : {'trop_vide': 1, 'doublon': 0, 'valeur_aberrante': 0, 'non_utile_total': 1, 'utile_total': 7, 'colonnes_aberrantes': []}
2026-07-29 10:14:29 | INFO     | models.pretraitement | Doublons supprimés : 0
2026-07-29 10:14:29 | INFO     | models.pretraitement | Valeurs manquantes imputées : 11
2026-07-29 10:14:29 | INFO     | models.modele_ml | RandomForestClassifier entraîné : 50 arbres, 7 features
2026-07-29 10:14:29 | INFO     | models.rapport_evaluation | Évaluation : accuracy=1.000 precision=1.000 recall=1.000 f1=1.000 roc_auc=0.000
2026-07-29 10:14:29 | INFO     | models.modele_ml | Labels d'utilité générés (règles génériques) : {'trop_vide': 0, 'doublon': 0, 'valeur_aberrante': 0, 'non_utile_total': 0, 'utile_total': 10, 'colonnes_aberrantes': []}
2026-07-29 10:14:29 | INFO     | models.pretraitement | Doublons supprimés : 0
2026-07-29 10:14:29 | INFO     | models.pretraitement | Valeurs manquantes imputées : 11
2026-07-29 10:14:29 | INFO     | models.modele_ml | Labels d'utilité générés (règles génériques) : {'trop_vide': 4, 'doublon': 2, 'valeur_aberrante': 0, 'non_utile_total': 5, 'utile_total': 5, 'colonnes_aberrantes': []}
2026-07-29 10:14:29 | INFO     | models.pretraitement | Doublons supprimés : 2
2026-07-29 10:14:29 | INFO     | models.pretraitement | Valeurs manquantes imputées : 10
2026-07-29 10:14:29 | INFO     | models.modele_ml | RandomForestClassifier entraîné : 50 arbres, 6 features
2026-07-29 10:14:29 | INFO     | models.rapport_evaluation | Évaluation : accuracy=0.500 precision=0.250 recall=0.500 f1=0.333 roc_auc=0.500
2026-07-29 10:14:29 | INFO     | models.modele_ml | Labels d'utilité générés (règles génériques) : {'trop_vide': 0, 'doublon': 0, 'valeur_aberrante': 0, 'non_utile_total': 0, 'utile_total': 5, 'colonnes_aberrantes': []}
2026-07-29 10:14:29 | INFO     | models.pretraitement | Doublons supprimés : 0
2026-07-29 10:14:29 | INFO     | models.pretraitement | Valeurs manquantes imputées : 1
2026-07-29 10:14:29 | INFO     | models.modele_ml | Labels d'utilité générés (règles génériques) : {'trop_vide': 0, 'doublon': 0, 'valeur_aberrante': 0, 'non_utile_total': 0, 'utile_total': 10, 'colonnes_aberrantes': []}
2026-07-29 10:14:29 | INFO     | models.pretraitement | Doublons supprimés : 0
2026-07-29 10:14:29 | INFO     | models.pretraitement | Valeurs manquantes imputées : 3
2026-07-29 10:14:29 | INFO     | models.modele_ml | Labels d'utilité générés (règles génériques) : {'trop_vide': 3, 'doublon': 1, 'valeur_aberrante': 0, 'non_utile_total': 3, 'utile_total': 12, 'colonnes_aberrantes': []}
2026-07-29 10:14:29 | INFO     | models.pretraitement | Doublons supprimés : 1
2026-07-29 10:14:29 | INFO     | models.pretraitement | Valeurs manquantes imputées : 12
2026-07-29 10:14:29 | INFO     | models.modele_ml | RandomForestClassifier entraîné : 50 arbres, 7 features
2026-07-29 10:14:29 | INFO     | models.rapport_evaluation | Évaluation : accuracy=0.750 precision=0.562 recall=0.750 f1=0.643 roc_auc=0.667
2026-07-29 10:14:29 | INFO     | models.modele_ml | Labels d'utilité générés (règles génériques) : {'trop_vide': 0, 'doublon': 0, 'valeur_aberrante': 0, 'non_utile_total': 0, 'utile_total': 6, 'colonnes_aberrantes': []}
2026-07-29 10:14:29 | INFO     | models.pretraitement | Doublons supprimés : 0
2026-07-29 10:14:29 | INFO     | models.pretraitement | Valeurs manquantes imputées : 1
2026-07-29 10:14:29 | INFO     | models.modele_ml | Labels d'utilité générés (règles génériques) : {'trop_vide': 1, 'doublon': 1, 'valeur_aberrante': 0, 'non_utile_total': 2, 'utile_total': 6, 'colonnes_aberrantes': []}
2026-07-29 10:14:29 | INFO     | models.pretraitement | Doublons supprimés : 1
2026-07-29 10:14:29 | INFO     | models.pretraitement | Valeurs manquantes imputées : 5
2026-07-29 10:14:30 | INFO     | models.modele_ml | RandomForestClassifier entraîné : 50 arbres, 7 features
2026-07-29 10:14:30 | INFO     | models.rapport_evaluation | Évaluation : accuracy=0.000 precision=0.000 recall=0.000 f1=0.000 roc_auc=0.000
2026-07-29 10:14:30 | INFO     | models.modele_ml | Labels d'utilité générés (règles génériques) : {'trop_vide': 1, 'doublon': 0, 'valeur_aberrante': 0, 'non_utile_total': 1, 'utile_total': 14, 'colonnes_aberrantes': []}
2026-07-29 10:14:30 | INFO     | models.pretraitement | Doublons supprimés : 0
2026-07-29 10:14:30 | INFO     | models.pretraitement | Valeurs manquantes imputées : 7
2026-07-29 10:14:30 | INFO     | models.modele_ml | RandomForestClassifier entraîné : 50 arbres, 5 features
2026-07-29 10:14:30 | INFO     | models.rapport_evaluation | Évaluation : accuracy=1.000 precision=1.000 recall=1.000 f1=1.000 roc_auc=0.000
2026-07-29 10:14:30 | INFO     | models.modele_ml | Labels d'utilité générés (règles génériques) : {'trop_vide': 1, 'doublon': 0, 'valeur_aberrante': 0, 'non_utile_total': 1, 'utile_total': 14, 'colonnes_aberrantes': []}
2026-07-29 10:14:30 | INFO     | models.pretraitement | Doublons supprimés : 0
2026-07-29 10:14:30 | INFO     | models.pretraitement | Valeurs manquantes imputées : 20
2026-07-29 10:14:30 | INFO     | models.modele_ml | RandomForestClassifier entraîné : 50 arbres, 9 features
2026-07-29 10:14:30 | INFO     | models.rapport_evaluation | Évaluation : accuracy=0.750 precision=1.000 recall=0.750 f1=0.857 roc_auc=0.000
2026-07-29 10:14:30 | INFO     | models.modele_ml | Labels d'utilité générés (règles génériques) : {'trop_vide': 1, 'doublon': 0, 'valeur_aberrante': 0, 'non_utile_total': 1, 'utile_total': 4, 'colonnes_aberrantes': []}
2026-07-29 10:14:30 | INFO     | models.pretraitement | Doublons supprimés : 0
2026-07-29 10:14:30 | INFO     | models.pretraitement | Valeurs manquantes imputées : 1
2026-07-29 10:14:30 | INFO     | models.modele_ml | RandomForestClassifier entraîné : 50 arbres, 1 features
2026-07-29 10:14:30 | INFO     | models.rapport_evaluation | Évaluation : accuracy=1.000 precision=1.000 recall=1.000 f1=1.000 roc_auc=0.000
2026-07-29 10:14:30 | INFO     | models.modele_ml | Labels d'utilité générés (règles génériques) : {'trop_vide': 0, 'doublon': 0, 'valeur_aberrante': 0, 'non_utile_total': 0, 'utile_total': 20, 'colonnes_aberrantes': []}
2026-07-29 10:14:30 | INFO     | models.pretraitement | Doublons supprimés : 0
2026-07-29 10:14:30 | INFO     | models.pretraitement | Valeurs manquantes imputées : 18
2026-07-29 10:14:30 | INFO     | models.modele_ml | Labels d'utilité générés (règles génériques) : {'trop_vide': 0, 'doublon': 0, 'valeur_aberrante': 0, 'non_utile_total': 0, 'utile_total': 20, 'colonnes_aberrantes': []}
2026-07-29 10:14:30 | INFO     | models.pretraitement | Doublons supprimés : 0
2026-07-29 10:14:30 | INFO     | models.pretraitement | Valeurs manquantes imputées : 3
2026-07-29 10:14:30 | INFO     | models.modele_ml | Labels d'utilité générés (règles génériques) : {'trop_vide': 1, 'doublon': 3, 'valeur_aberrante': 0, 'non_utile_total': 4, 'utile_total': 6, 'colonnes_aberrantes': []}
2026-07-29 10:14:30 | INFO     | models.pretraitement | Doublons supprimés : 3
2026-07-29 10:14:30 | INFO     | models.pretraitement | Valeurs manquantes imputées : 5
2026-07-29 10:14:30 | INFO     | models.modele_ml | RandomForestClassifier entraîné : 50 arbres, 4 features
2026-07-29 10:14:30 | INFO     | models.rapport_evaluation | Évaluation : accuracy=0.500 precision=1.000 recall=0.500 f1=0.667 roc_auc=0.000
2026-07-29 10:14:30 | INFO     | models.modele_ml | Labels d'utilité générés (règles génériques) : {'trop_vide': 0, 'doublon': 0, 'valeur_aberrante': 0, 'non_utile_total': 0, 'utile_total': 8, 'colonnes_aberrantes': []}
2026-07-29 10:14:30 | INFO     | models.pretraitement | Doublons supprimés : 0
2026-07-29 10:14:30 | INFO     | models.pretraitement | Valeurs manquantes imputées : 3
2026-07-29 10:14:30 | INFO     | models.modele_ml | Labels d'utilité générés (règles génériques) : {'trop_vide': 6, 'doublon': 17, 'valeur_aberrante': 0, 'non_utile_total': 18, 'utile_total': 2, 'colonnes_aberrantes': []}
2026-07-29 10:14:30 | INFO     | models.pretraitement | Doublons supprimés : 17
2026-07-29 10:14:30 | INFO     | models.pretraitement | Valeurs manquantes imputées : 1
2026-07-29 10:14:30 | INFO     | models.modele_ml | RandomForestClassifier entraîné : 50 arbres, 2 features
2026-07-29 10:14:30 | INFO     | models.modele_ml | Labels d'utilité générés (règles génériques) : {'trop_vide': 0, 'doublon': 1, 'valeur_aberrante': 0, 'non_utile_total': 1, 'utile_total': 7, 'colonnes_aberrantes': []}
2026-07-29 10:14:30 | INFO     | models.pretraitement | Doublons supprimés : 1
2026-07-29 10:14:30 | INFO     | models.pretraitement | Valeurs manquantes imputées : 2
2026-07-29 10:14:30 | INFO     | models.modele_ml | Labels d'utilité générés (règles génériques) : {'trop_vide': 1, 'doublon': 0, 'valeur_aberrante': 0, 'non_utile_total': 1, 'utile_total': 9, 'colonnes_aberrantes': []}
2026-07-29 10:14:30 | INFO     | models.pretraitement | Doublons supprimés : 0
2026-07-29 10:14:30 | INFO     | models.pretraitement | Valeurs manquantes imputées : 7
2026-07-29 10:14:30 | INFO     | models.modele_ml | RandomForestClassifier entraîné : 50 arbres, 5 features
2026-07-29 10:14:30 | INFO     | models.rapport_evaluation | Évaluation : accuracy=1.000 precision=1.000 recall=1.000 f1=1.000 roc_auc=0.000
2026-07-29 10:14:30 | INFO     | models.modele_ml | Labels d'utilité générés (règles génériques) : {'trop_vide': 1, 'doublon': 0, 'valeur_aberrante': 0, 'non_utile_total': 1, 'utile_total': 14, 'colonnes_aberrantes': []}
2026-07-29 10:14:30 | INFO     | models.pretraitement | Doublons supprimés : 0
2026-07-29 10:14:30 | INFO     | models.pretraitement | Valeurs manquantes imputées : 15
2026-07-29 10:14:30 | INFO     | models.modele_ml | RandomForestClassifier entraîné : 50 arbres, 6 features
2026-07-29 10:14:30 | INFO     | models.rapport_evaluation | Évaluation : accuracy=1.000 precision=1.000 recall=1.000 f1=1.000 roc_auc=0.000
2026-07-29 10:14:30 | INFO     | models.modele_ml | Labels d'utilité générés (règles génériques) : {'trop_vide': 0, 'doublon': 0, 'valeur_aberrante': 0, 'non_utile_total': 0, 'utile_total': 5, 'colonnes_aberrantes': []}
2026-07-29 10:14:30 | INFO     | models.pretraitement | Doublons supprimés : 0
2026-07-29 10:14:30 | INFO     | models.pretraitement | Valeurs manquantes imputées : 2
2026-07-29 10:14:30 | INFO     | models.modele_ml | Labels d'utilité générés (règles génériques) : {'trop_vide': 0, 'doublon': 1, 'valeur_aberrante': 0, 'non_utile_total': 1, 'utile_total': 5, 'colonnes_aberrantes': []}
2026-07-29 10:14:30 | INFO     | models.pretraitement | Doublons supprimés : 1
2026-07-29 10:14:30 | INFO     | models.pretraitement | Valeurs manquantes imputées : 0
2026-07-29 10:14:30 | INFO     | models.modele_ml | Labels d'utilité générés (règles génériques) : {'trop_vide': 0, 'doublon': 0, 'valeur_aberrante': 0, 'non_utile_total': 0, 'utile_total': 30, 'colonnes_aberrantes': []}
2026-07-29 10:14:30 | INFO     | models.pretraitement | Doublons supprimés : 0
2026-07-29 10:14:30 | INFO     | models.pretraitement | Valeurs manquantes imputées : 11
2026-07-29 10:14:30 | INFO     | models.modele_ml | Labels d'utilité générés (règles génériques) : {'trop_vide': 2, 'doublon': 10, 'valeur_aberrante': 0, 'non_utile_total': 11, 'utile_total': 19, 'colonnes_aberrantes': []}
2026-07-29 10:14:30 | INFO     | models.pretraitement | Doublons supprimés : 10
2026-07-29 10:14:30 | INFO     | models.pretraitement | Valeurs manquantes imputées : 10
2026-07-29 10:14:30 | INFO     | models.modele_ml | RandomForestClassifier entraîné : 50 arbres, 3 features
2026-07-29 10:14:30 | INFO     | models.rapport_evaluation | Évaluation : accuracy=0.800 precision=1.000 recall=0.800 f1=0.889 roc_auc=0.000
2026-07-29 10:14:30 | INFO     | models.modele_ml | Labels d'utilité générés (règles génériques) : {'trop_vide': 0, 'doublon': 0, 'valeur_aberrante': 0, 'non_utile_total': 0, 'utile_total': 6, 'colonnes_aberrantes': []}
2026-07-29 10:14:30 | INFO     | models.pretraitement | Doublons supprimés : 0
2026-07-29 10:14:30 | INFO     | models.pretraitement | Valeurs manquantes imputées : 3
2026-07-29 10:14:30 | INFO     | models.modele_ml | Labels d'utilité générés (règles génériques) : {'trop_vide': 1, 'doublon': 0, 'valeur_aberrante': 2, 'non_utile_total': 3, 'utile_total': 12, 'colonnes_aberrantes': ['num0']}
2026-07-29 10:14:30 | INFO     | models.pretraitement | Doublons supprimés : 0
2026-07-29 10:14:30 | INFO     | models.pretraitement | Valeurs manquantes imputées : 10
2026-07-29 10:14:30 | INFO     | models.modele_ml | RandomForestClassifier entraîné : 50 arbres, 4 features
2026-07-29 10:14:30 | INFO     | models.rapport_evaluation | Évaluation : accuracy=0.750 precision=0.562 recall=0.750 f1=0.643 roc_auc=0.333
2026-07-29 10:14:30 | INFO     | models.modele_ml | Labels d'utilité générés (règles génériques) : {'trop_vide': 0, 'doublon': 1, 'valeur_aberrante': 0, 'non_utile_total': 1, 'utile_total': 14, 'colonnes_aberrantes': []}
2026-07-29 10:14:30 | INFO     | models.pretraitement | Doublons supprimés : 1
2026-07-29 10:14:30 | INFO     | models.pretraitement | Valeurs manquantes imputées : 3
2026-07-29 10:14:30 | INFO     | models.modele_ml | Labels d'utilité générés (règles génériques) : {'trop_vide': 1, 'doublon': 0, 'valeur_aberrante': 0, 'non_utile_total': 1, 'utile_total': 9, 'colonnes_aberrantes': []}
2026-07-29 10:14:30 | INFO     | models.pretraitement | Doublons supprimés : 0
2026-07-29 10:14:30 | INFO     | models.pretraitement | Valeurs manquantes imputées : 10
2026-07-29 10:14:30 | INFO     | models.modele_ml | RandomForestClassifier entraîné : 50 arbres, 8 features
2026-07-29 10:14:30 | INFO     | models.rapport_evaluation | Évaluation : accuracy=1.000 precision=1.000 recall=1.000 f1=1.000 roc_auc=0.000
2026-07-29 10:14:30 | INFO     | models.modele_ml | Labels d'utilité générés (règles génériques) : {'trop_vide': 0, 'doublon': 0, 'valeur_aberrante': 0, 'non_utile_total': 0, 'utile_total': 20, 'colonnes_aberrantes': []}
2026-07-29 10:14:30 | INFO     | models.pretraitement | Doublons supprimés : 0
2026-07-29 10:14:30 | INFO     | models.pretraitement | Valeurs manquantes imputées : 8
2026-07-29 10:14:30 | INFO     | models.modele_ml | Labels d'utilité générés (règles génériques) : {'trop_vide': 2, 'doublon': 2, 'valeur_aberrante': 0, 'non_utile_total': 3, 'utile_total': 7, 'colonnes_aberrantes': []}
2026-07-29 10:14:30 | INFO     | models.pretraitement | Doublons supprimés : 2
2026-07-29 10:14:30 | INFO     | models.pretraitement | Valeurs manquantes imputées : 4
2026-07-29 10:14:30 | INFO     | models.modele_ml | RandomForestClassifier entraîné : 50 arbres, 5 features
2026-07-29 10:14:30 | INFO     | models.rapport_evaluation | Évaluation : accuracy=0.000 precision=0.000 recall=0.000 f1=0.000 roc_auc=0.000
2026-07-29 10:14:30 | INFO     | models.modele_ml | Labels d'utilité générés (règles génériques) : {'trop_vide': 0, 'doublon': 0, 'valeur_aberrante': 0, 'non_utile_total': 0, 'utile_total': 15, 'colonnes_aberrantes': []}
2026-07-29 10:14:30 | INFO     | models.pretraitement | Doublons supprimés : 0
2026-07-29 10:14:30 | INFO     | models.pretraitement | Valeurs manquantes imputées : 12
2026-07-29 10:14:30 | INFO     | models.modele_ml | Labels d'utilité générés (règles génériques) : {'trop_vide': 1, 'doublon': 1, 'valeur_aberrante': 0, 'non_utile_total': 2, 'utile_total': 3, 'colonnes_aberrantes': []}
2026-07-29 10:14:30 | INFO     | models.pretraitement | Doublons supprimés : 1
2026-07-29 10:14:30 | INFO     | models.pretraitement | Valeurs manquantes imputées : 1
2026-07-29 10:14:31 | INFO     | models.modele_ml | RandomForestClassifier entraîné : 50 arbres, 3 features
2026-07-29 10:14:31 | INFO     | models.rapport_evaluation | Évaluation : accuracy=1.000 precision=1.000 recall=1.000 f1=1.000 roc_auc=0.000
2026-07-29 10:14:31 | INFO     | models.modele_ml | Labels d'utilité générés (règles génériques) : {'trop_vide': 0, 'doublon': 0, 'valeur_aberrante': 0, 'non_utile_total': 0, 'utile_total': 20, 'colonnes_aberrantes': []}
2026-07-29 10:14:31 | INFO     | models.pretraitement | Doublons supprimés : 0
2026-07-29 10:14:31 | INFO     | models.pretraitement | Valeurs manquantes imputées : 7
2026-07-29 10:14:31 | INFO     | models.modele_ml | Labels d'utilité générés (règles génériques) : {'trop_vide': 2, 'doublon': 1, 'valeur_aberrante': 0, 'non_utile_total': 3, 'utile_total': 17, 'colonnes_aberrantes': []}
2026-07-29 10:14:31 | INFO     | models.pretraitement | Doublons supprimés : 1
2026-07-29 10:14:31 | INFO     | models.pretraitement | Valeurs manquantes imputées : 12
2026-07-29 10:14:31 | INFO     | models.modele_ml | RandomForestClassifier entraîné : 50 arbres, 5 features
2026-07-29 10:14:31 | INFO     | models.rapport_evaluation | Évaluation : accuracy=0.600 precision=0.600 recall=0.600 f1=0.600 roc_auc=0.250
2026-07-29 10:14:31 | INFO     | models.modele_ml | Labels d'utilité générés (règles génériques) : {'trop_vide': 4, 'doublon': 0, 'valeur_aberrante': 0, 'non_utile_total': 4, 'utile_total': 16, 'colonnes_aberrantes': []}
2026-07-29 10:14:31 | INFO     | models.pretraitement | Doublons supprimés : 0
2026-07-29 10:14:31 | INFO     | models.pretraitement | Valeurs manquantes imputées : 15
2026-07-29 10:14:31 | INFO     | models.modele_ml | RandomForestClassifier entraîné : 50 arbres, 4 features
2026-07-29 10:14:31 | INFO     | models.rapport_evaluation | Évaluation : accuracy=0.800 precision=0.640 recall=0.800 f1=0.711 roc_auc=0.500
2026-07-29 10:14:31 | INFO     | models.modele_ml | Labels d'utilité générés (règles génériques) : {'trop_vide': 0, 'doublon': 2, 'valeur_aberrante': 0, 'non_utile_total': 2, 'utile_total': 6, 'colonnes_aberrantes': []}
2026-07-29 10:14:31 | INFO     | models.pretraitement | Doublons supprimés : 2
2026-07-29 10:14:31 | INFO     | models.pretraitement | Valeurs manquantes imputées : 0
2026-07-29 10:14:31 | INFO     | models.modele_ml | Labels d'utilité générés (règles génériques) : {'trop_vide': 0, 'doublon': 0, 'valeur_aberrante': 1, 'non_utile_total': 1, 'utile_total': 7, 'colonnes_aberrantes': ['num2']}
2026-07-29 10:14:31 | INFO     | models.pretraitement | Doublons supprimés : 0
2026-07-29 10:14:31 | INFO     | models.pretraitement | Valeurs manquantes imputées : 4
2026-07-29 10:14:31 | INFO     | models.modele_ml | RandomForestClassifier entraîné : 50 arbres, 2 features
2026-07-29 10:14:31 | INFO     | models.rapport_evaluation | Évaluation : accuracy=1.000 precision=1.000 recall=1.000 f1=1.000 roc_auc=0.000
2026-07-29 10:14:31 | INFO     | models.modele_ml | Labels d'utilité générés (règles génériques) : {'trop_vide': 0, 'doublon': 0, 'valeur_aberrante': 0, 'non_utile_total': 0, 'utile_total': 6, 'colonnes_aberrantes': []}
2026-07-29 10:14:31 | INFO     | models.pretraitement | Doublons supprimés : 0
2026-07-29 10:14:31 | INFO     | models.pretraitement | Valeurs manquantes imputées : 3
2026-07-29 10:14:31 | INFO     | models.modele_ml | Labels d'utilité générés (règles génériques) : {'trop_vide': 0, 'doublon': 1, 'valeur_aberrante': 0, 'non_utile_total': 1, 'utile_total': 19, 'colonnes_aberrantes': []}
2026-07-29 10:14:31 | INFO     | models.pretraitement | Doublons supprimés : 1
2026-07-29 10:14:31 | INFO     | models.pretraitement | Valeurs manquantes imputées : 14
2026-07-29 10:14:31 | INFO     | models.modele_ml | Labels d'utilité générés (règles génériques) : {'trop_vide': 1, 'doublon': 0, 'valeur_aberrante': 0, 'non_utile_total': 1, 'utile_total': 5, 'colonnes_aberrantes': []}
2026-07-29 10:14:31 | INFO     | models.pretraitement | Doublons supprimés : 0
2026-07-29 10:14:31 | INFO     | models.pretraitement | Valeurs manquantes imputées : 8
2026-07-29 10:14:31 | INFO     | models.modele_ml | RandomForestClassifier entraîné : 50 arbres, 5 features
2026-07-29 10:14:31 | INFO     | models.rapport_evaluation | Évaluation : accuracy=0.000 precision=0.000 recall=0.000 f1=0.000 roc_auc=0.000
2026-07-29 10:14:31 | INFO     | models.modele_ml | Labels d'utilité générés (règles génériques) : {'trop_vide': 0, 'doublon': 0, 'valeur_aberrante': 1, 'non_utile_total': 1, 'utile_total': 7, 'colonnes_aberrantes': ['num0']}
2026-07-29 10:14:31 | INFO     | models.pretraitement | Doublons supprimés : 0
2026-07-29 10:14:31 | INFO     | models.pretraitement | Valeurs manquantes imputées : 7
2026-07-29 10:14:31 | INFO     | models.modele_ml | RandomForestClassifier entraîné : 50 arbres, 10 features
2026-07-29 10:14:31 | INFO     | models.rapport_evaluation | Évaluation : accuracy=0.500 precision=1.000 recall=0.500 f1=0.667 roc_auc=0.000
2026-07-29 10:14:31 | INFO     | models.modele_ml | Labels d'utilité générés (règles génériques) : {'trop_vide': 3, 'doublon': 2, 'valeur_aberrante': 0, 'non_utile_total': 5, 'utile_total': 10, 'colonnes_aberrantes': []}
2026-07-29 10:14:31 | INFO     | models.pretraitement | Doublons supprimés : 2
2026-07-29 10:14:31 | INFO     | models.pretraitement | Valeurs manquantes imputées : 13
2026-07-29 10:14:31 | INFO     | models.modele_ml | RandomForestClassifier entraîné : 50 arbres, 7 features
2026-07-29 10:14:31 | INFO     | models.rapport_evaluation | Évaluation : accuracy=0.750 precision=0.875 recall=0.750 f1=0.767 roc_auc=0.833
2026-07-29 10:14:31 | INFO     | models.modele_ml | Labels d'utilité générés (règles génériques) : {'trop_vide': 3, 'doublon': 7, 'valeur_aberrante': 0, 'non_utile_total': 8, 'utile_total': 2, 'colonnes_aberrantes': []}
2026-07-29 10:14:31 | INFO     | models.pretraitement | Doublons supprimés : 7
2026-07-29 10:14:31 | INFO     | models.pretraitement | Valeurs manquantes imputées : 1
2026-07-29 10:14:31 | INFO     | models.modele_ml | RandomForestClassifier entraîné : 50 arbres, 2 features
2026-07-29 10:14:31 | INFO     | models.rapport_evaluation | Évaluation : accuracy=0.000 precision=0.000 recall=0.000 f1=0.000 roc_auc=0.000
2026-07-29 10:14:31 | INFO     | models.modele_ml | Labels d'utilité générés (règles génériques) : {'trop_vide': 1, 'doublon': 2, 'valeur_aberrante': 0, 'non_utile_total': 3, 'utile_total': 3, 'colonnes_aberrantes': []}
2026-07-29 10:14:31 | INFO     | models.pretraitement | Doublons supprimés : 2
2026-07-29 10:14:31 | INFO     | models.pretraitement | Valeurs manquantes imputées : 1
2026-07-29 10:14:31 | INFO     | models.modele_ml | RandomForestClassifier entraîné : 50 arbres, 3 features
2026-07-29 10:14:31 | INFO     | models.rapport_evaluation | Évaluation : accuracy=0.000 precision=0.000 recall=0.000 f1=0.000 roc_auc=0.000
2026-07-29 10:14:31 | INFO     | models.modele_ml | Labels d'utilité générés (règles génériques) : {'trop_vide': 0, 'doublon': 0, 'valeur_aberrante': 0, 'non_utile_total': 0, 'utile_total': 6, 'colonnes_aberrantes': []}
2026-07-29 10:14:31 | INFO     | models.pretraitement | Doublons supprimés : 0
2026-07-29 10:14:31 | INFO     | models.pretraitement | Valeurs manquantes imputées : 3
2026-07-29 10:14:31 | INFO     | models.modele_ml | Labels d'utilité générés (règles génériques) : {'trop_vide': 0, 'doublon': 9, 'valeur_aberrante': 0, 'non_utile_total': 9, 'utile_total': 21, 'colonnes_aberrantes': []}
2026-07-29 10:14:31 | INFO     | models.pretraitement | Doublons supprimés : 9
2026-07-29 10:14:31 | INFO     | models.pretraitement | Valeurs manquantes imputées : 9
2026-07-29 10:14:31 | INFO     | models.modele_ml | Labels d'utilité générés (règles génériques) : {'trop_vide': 1, 'doublon': 0, 'valeur_aberrante': 0, 'non_utile_total': 1, 'utile_total': 4, 'colonnes_aberrantes': []}
2026-07-29 10:14:31 | INFO     | models.pretraitement | Doublons supprimés : 0
2026-07-29 10:14:31 | INFO     | models.pretraitement | Valeurs manquantes imputées : 6
2026-07-29 10:14:31 | INFO     | models.modele_ml | RandomForestClassifier entraîné : 50 arbres, 6 features
2026-07-29 10:14:31 | INFO     | models.rapport_evaluation | Évaluation : accuracy=0.000 precision=0.000 recall=0.000 f1=0.000 roc_auc=0.000
2026-07-29 10:14:31 | INFO     | models.modele_ml | Labels d'utilité générés (règles génériques) : {'trop_vide': 4, 'doublon': 16, 'valeur_aberrante': 0, 'non_utile_total': 17, 'utile_total': 3, 'colonnes_aberrantes': []}
2026-07-29 10:14:31 | INFO     | models.pretraitement | Doublons supprimés : 16
2026-07-29 10:14:31 | INFO     | models.pretraitement | Valeurs manquantes imputées : 1
2026-07-29 10:14:31 | INFO     | models.modele_ml | RandomForestClassifier entraîné : 50 arbres, 3 features
2026-07-29 10:14:31 | INFO     | models.modele_ml | Labels d'utilité générés (règles génériques) : {'trop_vide': 1, 'doublon': 2, 'valeur_aberrante': 0, 'non_utile_total': 3, 'utile_total': 5, 'colonnes_aberrantes': []}
2026-07-29 10:14:31 | INFO     | models.pretraitement | Doublons supprimés : 2
2026-07-29 10:14:31 | INFO     | models.pretraitement | Valeurs manquantes imputées : 6
2026-07-29 10:14:31 | INFO     | models.modele_ml | RandomForestClassifier entraîné : 50 arbres, 6 features
2026-07-29 10:14:31 | INFO     | models.rapport_evaluation | Évaluation : accuracy=0.000 precision=0.000 recall=0.000 f1=0.000 roc_auc=0.000
2026-07-29 10:14:31 | INFO     | models.modele_ml | Labels d'utilité générés (règles génériques) : {'trop_vide': 0, 'doublon': 0, 'valeur_aberrante': 0, 'non_utile_total': 0, 'utile_total': 5, 'colonnes_aberrantes': []}
2026-07-29 10:14:31 | INFO     | models.pretraitement | Doublons supprimés : 0
2026-07-29 10:14:31 | INFO     | models.pretraitement | Valeurs manquantes imputées : 6
2026-07-29 10:14:31 | INFO     | models.modele_ml | Labels d'utilité générés (règles génériques) : {'trop_vide': 0, 'doublon': 0, 'valeur_aberrante': 0, 'non_utile_total': 0, 'utile_total': 10, 'colonnes_aberrantes': []}
2026-07-29 10:14:31 | INFO     | models.pretraitement | Doublons supprimés : 0
2026-07-29 10:14:31 | INFO     | models.pretraitement | Valeurs manquantes imputées : 5
2026-07-29 10:14:31 | INFO     | models.modele_ml | Labels d'utilité générés (règles génériques) : {'trop_vide': 0, 'doublon': 0, 'valeur_aberrante': 0, 'non_utile_total': 0, 'utile_total': 20, 'colonnes_aberrantes': []}
2026-07-29 10:14:31 | INFO     | models.pretraitement | Doublons supprimés : 0
2026-07-29 10:14:31 | INFO     | models.pretraitement | Valeurs manquantes imputées : 20
2026-07-29 10:14:31 | INFO     | models.modele_ml | Labels d'utilité générés (règles génériques) : {'trop_vide': 1, 'doublon': 0, 'valeur_aberrante': 0, 'non_utile_total': 1, 'utile_total': 4, 'colonnes_aberrantes': []}
2026-07-29 10:14:31 | INFO     | models.pretraitement | Doublons supprimés : 0
2026-07-29 10:14:31 | INFO     | models.pretraitement | Valeurs manquantes imputées : 8
2026-07-29 10:14:31 | INFO     | models.modele_ml | RandomForestClassifier entraîné : 50 arbres, 5 features
2026-07-29 10:14:31 | INFO     | models.rapport_evaluation | Évaluation : accuracy=0.000 precision=0.000 recall=0.000 f1=0.000 roc_auc=0.000
2026-07-29 10:14:31 | INFO     | models.modele_ml | Labels d'utilité générés (règles génériques) : {'trop_vide': 0, 'doublon': 0, 'valeur_aberrante': 0, 'non_utile_total': 0, 'utile_total': 5, 'colonnes_aberrantes': []}
2026-07-29 10:14:31 | INFO     | models.pretraitement | Doublons supprimés : 0
2026-07-29 10:14:31 | INFO     | models.pretraitement | Valeurs manquantes imputées : 0
2026-07-29 10:14:32 | INFO     | models.modele_ml | Labels d'utilité générés (règles génériques) : {'trop_vide': 0, 'doublon': 0, 'valeur_aberrante': 0, 'non_utile_total': 0, 'utile_total': 20, 'colonnes_aberrantes': []}
2026-07-29 10:14:32 | INFO     | models.pretraitement | Doublons supprimés : 0
2026-07-29 10:14:32 | INFO     | models.pretraitement | Valeurs manquantes imputées : 4
2026-07-29 10:14:32 | INFO     | models.modele_ml | Labels d'utilité générés (règles génériques) : {'trop_vide': 4, 'doublon': 0, 'valeur_aberrante': 0, 'non_utile_total': 4, 'utile_total': 4, 'colonnes_aberrantes': []}
2026-07-29 10:14:32 | INFO     | models.pretraitement | Doublons supprimés : 0
2026-07-29 10:14:32 | INFO     | models.pretraitement | Valeurs manquantes imputées : 12
2026-07-29 10:14:32 | INFO     | models.modele_ml | RandomForestClassifier entraîné : 50 arbres, 7 features
2026-07-29 10:14:32 | INFO     | models.rapport_evaluation | Évaluation : accuracy=0.000 precision=0.000 recall=0.000 f1=0.000 roc_auc=0.000
2026-07-29 10:14:32 | INFO     | models.modele_ml | Labels d'utilité générés (règles génériques) : {'trop_vide': 1, 'doublon': 0, 'valeur_aberrante': 0, 'non_utile_total': 1, 'utile_total': 4, 'colonnes_aberrantes': []}
2026-07-29 10:14:32 | INFO     | models.pretraitement | Doublons supprimés : 0
2026-07-29 10:14:32 | INFO     | models.pretraitement | Valeurs manquantes imputées : 5
2026-07-29 10:14:32 | INFO     | models.modele_ml | RandomForestClassifier entraîné : 50 arbres, 5 features
2026-07-29 10:14:32 | INFO     | models.rapport_evaluation | Évaluation : accuracy=0.000 precision=0.000 recall=0.000 f1=0.000 roc_auc=0.000
2026-07-29 10:14:32 | INFO     | models.modele_ml | Labels d'utilité générés (règles génériques) : {'trop_vide': 1, 'doublon': 0, 'valeur_aberrante': 0, 'non_utile_total': 1, 'utile_total': 29, 'colonnes_aberrantes': []}
2026-07-29 10:14:32 | INFO     | models.pretraitement | Doublons supprimés : 0
2026-07-29 10:14:32 | INFO     | models.pretraitement | Valeurs manquantes imputées : 29
2026-07-29 10:14:32 | INFO     | models.modele_ml | RandomForestClassifier entraîné : 50 arbres, 8 features
2026-07-29 10:14:32 | INFO     | models.rapport_evaluation | Évaluation : accuracy=1.000 precision=1.000 recall=1.000 f1=1.000 roc_auc=0.000
2026-07-29 10:14:32 | INFO     | models.modele_ml | Labels d'utilité générés (règles génériques) : {'trop_vide': 1, 'doublon': 0, 'valeur_aberrante': 0, 'non_utile_total': 1, 'utile_total': 4, 'colonnes_aberrantes': []}
2026-07-29 10:14:32 | INFO     | models.pretraitement | Doublons supprimés : 0
2026-07-29 10:14:32 | INFO     | models.pretraitement | Valeurs manquantes imputées : 4
2026-07-29 10:14:32 | INFO     | models.modele_ml | RandomForestClassifier entraîné : 50 arbres, 5 features
2026-07-29 10:14:32 | INFO     | models.rapport_evaluation | Évaluation : accuracy=0.000 precision=0.000 recall=0.000 f1=0.000 roc_auc=0.000
2026-07-29 10:14:32 | INFO     | models.modele_ml | Labels d'utilité générés (règles génériques) : {'trop_vide': 1, 'doublon': 1, 'valeur_aberrante': 0, 'non_utile_total': 2, 'utile_total': 18, 'colonnes_aberrantes': []}
2026-07-29 10:14:32 | INFO     | models.pretraitement | Doublons supprimés : 1
2026-07-29 10:14:32 | INFO     | models.pretraitement | Valeurs manquantes imputées : 12
2026-07-29 10:14:32 | INFO     | models.modele_ml | RandomForestClassifier entraîné : 50 arbres, 6 features
2026-07-29 10:14:32 | INFO     | models.rapport_evaluation | Évaluation : accuracy=1.000 precision=1.000 recall=1.000 f1=1.000 roc_auc=0.000
2026-07-29 10:14:32 | INFO     | models.modele_ml | Labels d'utilité générés (règles génériques) : {'trop_vide': 1, 'doublon': 0, 'valeur_aberrante': 0, 'non_utile_total': 1, 'utile_total': 14, 'colonnes_aberrantes': []}
2026-07-29 10:14:32 | INFO     | models.pretraitement | Doublons supprimés : 0
2026-07-29 10:14:32 | INFO     | models.pretraitement | Valeurs manquantes imputées : 6
2026-07-29 10:14:32 | INFO     | models.modele_ml | RandomForestClassifier entraîné : 50 arbres, 4 features
2026-07-29 10:14:32 | INFO     | models.rapport_evaluation | Évaluation : accuracy=1.000 precision=1.000 recall=1.000 f1=1.000 roc_auc=0.000
2026-07-29 10:14:32 | INFO     | models.modele_ml | Labels d'utilité générés (règles génériques) : {'trop_vide': 0, 'doublon': 0, 'valeur_aberrante': 0, 'non_utile_total': 0, 'utile_total': 8, 'colonnes_aberrantes': []}
2026-07-29 10:14:32 | INFO     | models.pretraitement | Doublons supprimés : 0
2026-07-29 10:14:32 | INFO     | models.pretraitement | Valeurs manquantes imputées : 5
2026-07-29 10:14:32 | INFO     | models.modele_ml | Labels d'utilité générés (règles génériques) : {'trop_vide': 0, 'doublon': 1, 'valeur_aberrante': 0, 'non_utile_total': 1, 'utile_total': 14, 'colonnes_aberrantes': []}
2026-07-29 10:14:32 | INFO     | models.pretraitement | Doublons supprimés : 1
2026-07-29 10:14:32 | INFO     | models.pretraitement | Valeurs manquantes imputées : 15
2026-07-29 10:14:32 | INFO     | models.modele_ml | Labels d'utilité générés (règles génériques) : {'trop_vide': 0, 'doublon': 0, 'valeur_aberrante': 0, 'non_utile_total': 0, 'utile_total': 5, 'colonnes_aberrantes': []}
2026-07-29 10:14:32 | INFO     | models.pretraitement | Doublons supprimés : 0
2026-07-29 10:14:32 | INFO     | models.pretraitement | Valeurs manquantes imputées : 6
2026-07-29 10:14:32 | INFO     | models.modele_ml | Labels d'utilité générés (règles génériques) : {'trop_vide': 2, 'doublon': 0, 'valeur_aberrante': 0, 'non_utile_total': 2, 'utile_total': 8, 'colonnes_aberrantes': []}
2026-07-29 10:14:32 | INFO     | models.pretraitement | Doublons supprimés : 0
2026-07-29 10:14:32 | INFO     | models.pretraitement | Valeurs manquantes imputées : 11
2026-07-29 10:14:32 | INFO     | models.modele_ml | RandomForestClassifier entraîné : 50 arbres, 5 features
2026-07-29 10:14:32 | INFO     | models.rapport_evaluation | Évaluation : accuracy=1.000 precision=1.000 recall=1.000 f1=1.000 roc_auc=1.000
2026-07-29 10:14:32 | INFO     | models.modele_ml | Labels d'utilité générés (règles génériques) : {'trop_vide': 0, 'doublon': 0, 'valeur_aberrante': 0, 'non_utile_total': 0, 'utile_total': 10, 'colonnes_aberrantes': []}
2026-07-29 10:14:32 | INFO     | models.pretraitement | Doublons supprimés : 0
2026-07-29 10:14:32 | INFO     | models.pretraitement | Valeurs manquantes imputées : 5
2026-07-29 10:14:32 | INFO     | models.modele_ml | Labels d'utilité générés (règles génériques) : {'trop_vide': 1, 'doublon': 2, 'valeur_aberrante': 0, 'non_utile_total': 3, 'utile_total': 2, 'colonnes_aberrantes': []}
2026-07-29 10:14:32 | INFO     | models.pretraitement | Doublons supprimés : 2
2026-07-29 10:14:32 | INFO     | models.pretraitement | Valeurs manquantes imputées : 1
2026-07-29 10:14:32 | INFO     | models.modele_ml | RandomForestClassifier entraîné : 50 arbres, 2 features
2026-07-29 10:14:32 | INFO     | models.rapport_evaluation | Évaluation : accuracy=1.000 precision=1.000 recall=1.000 f1=1.000 roc_auc=0.000
2026-07-29 10:14:32 | INFO     | models.modele_ml | Labels d'utilité générés (règles génériques) : {'trop_vide': 0, 'doublon': 0, 'valeur_aberrante': 0, 'non_utile_total': 0, 'utile_total': 20, 'colonnes_aberrantes': []}
2026-07-29 10:14:32 | INFO     | models.pretraitement | Doublons supprimés : 0
2026-07-29 10:14:32 | INFO     | models.pretraitement | Valeurs manquantes imputées : 17
2026-07-29 10:14:32 | INFO     | models.modele_ml | Labels d'utilité générés (règles génériques) : {'trop_vide': 1, 'doublon': 0, 'valeur_aberrante': 0, 'non_utile_total': 1, 'utile_total': 4, 'colonnes_aberrantes': []}
2026-07-29 10:14:32 | INFO     | models.pretraitement | Doublons supprimés : 0
2026-07-29 10:14:32 | INFO     | models.pretraitement | Valeurs manquantes imputées : 8
2026-07-29 10:14:32 | INFO     | models.modele_ml | RandomForestClassifier entraîné : 50 arbres, 6 features
2026-07-29 10:14:32 | INFO     | models.rapport_evaluation | Évaluation : accuracy=1.000 precision=1.000 recall=1.000 f1=1.000 roc_auc=0.000
2026-07-29 10:14:32 | INFO     | models.modele_ml | Labels d'utilité générés (règles génériques) : {'trop_vide': 0, 'doublon': 0, 'valeur_aberrante': 0, 'non_utile_total': 0, 'utile_total': 15, 'colonnes_aberrantes': []}
2026-07-29 10:14:32 | INFO     | models.pretraitement | Doublons supprimés : 0
2026-07-29 10:14:32 | INFO     | models.pretraitement | Valeurs manquantes imputées : 14
2026-07-29 10:14:32 | INFO     | models.modele_ml | Labels d'utilité générés (règles génériques) : {'trop_vide': 1, 'doublon': 3, 'valeur_aberrante': 0, 'non_utile_total': 4, 'utile_total': 26, 'colonnes_aberrantes': []}
2026-07-29 10:14:32 | INFO     | models.pretraitement | Doublons supprimés : 3
2026-07-29 10:14:32 | INFO     | models.pretraitement | Valeurs manquantes imputées : 33
2026-07-29 10:14:32 | INFO     | models.modele_ml | RandomForestClassifier entraîné : 50 arbres, 7 features
2026-07-29 10:14:32 | INFO     | models.rapport_evaluation | Évaluation : accuracy=0.833 precision=1.000 recall=0.833 f1=0.909 roc_auc=0.000
2026-07-29 10:14:32 | INFO     | models.modele_ml | Labels d'utilité générés (règles génériques) : {'trop_vide': 1, 'doublon': 0, 'valeur_aberrante': 0, 'non_utile_total': 1, 'utile_total': 29, 'colonnes_aberrantes': []}
2026-07-29 10:14:32 | INFO     | models.pretraitement | Doublons supprimés : 0
2026-07-29 10:14:32 | INFO     | models.pretraitement | Valeurs manquantes imputées : 30
2026-07-29 10:14:32 | INFO     | models.modele_ml | RandomForestClassifier entraîné : 50 arbres, 9 features
2026-07-29 10:14:32 | INFO     | models.rapport_evaluation | Évaluation : accuracy=0.875 precision=1.000 recall=0.875 f1=0.933 roc_auc=0.000
2026-07-29 10:14:32 | INFO     | models.modele_ml | Labels d'utilité générés (règles génériques) : {'trop_vide': 1, 'doublon': 6, 'valeur_aberrante': 0, 'non_utile_total': 7, 'utile_total': 3, 'colonnes_aberrantes': []}
2026-07-29 10:14:32 | INFO     | models.pretraitement | Doublons supprimés : 6
2026-07-29 10:14:32 | INFO     | models.pretraitement | Valeurs manquantes imputées : 1
2026-07-29 10:14:32 | INFO     | models.modele_ml | RandomForestClassifier entraîné : 50 arbres, 3 features
2026-07-29 10:14:32 | INFO     | models.rapport_evaluation | Évaluation : accuracy=0.000 precision=0.000 recall=0.000 f1=0.000 roc_auc=0.000
2026-07-29 10:14:32 | INFO     | models.modele_ml | Labels d'utilité générés (règles génériques) : {'trop_vide': 0, 'doublon': 4, 'valeur_aberrante': 0, 'non_utile_total': 4, 'utile_total': 11, 'colonnes_aberrantes': []}
2026-07-29 10:14:32 | INFO     | models.pretraitement | Doublons supprimés : 4
2026-07-29 10:14:32 | INFO     | models.pretraitement | Valeurs manquantes imputées : 3
2026-07-29 10:14:32 | INFO     | models.modele_ml | Labels d'utilité générés (règles génériques) : {'trop_vide': 1, 'doublon': 1, 'valeur_aberrante': 0, 'non_utile_total': 2, 'utile_total': 6, 'colonnes_aberrantes': []}
2026-07-29 10:14:32 | INFO     | models.pretraitement | Doublons supprimés : 1
2026-07-29 10:14:32 | INFO     | models.pretraitement | Valeurs manquantes imputées : 6
2026-07-29 10:14:32 | INFO     | models.modele_ml | RandomForestClassifier entraîné : 50 arbres, 6 features
2026-07-29 10:14:33 | INFO     | models.rapport_evaluation | Évaluation : accuracy=0.000 precision=0.000 recall=0.000 f1=0.000 roc_auc=0.000
2026-07-29 10:14:33 | INFO     | models.modele_ml | Labels d'utilité générés (règles génériques) : {'trop_vide': 1, 'doublon': 0, 'valeur_aberrante': 0, 'non_utile_total': 1, 'utile_total': 14, 'colonnes_aberrantes': []}
2026-07-29 10:14:33 | INFO     | models.pretraitement | Doublons supprimés : 0
2026-07-29 10:14:33 | INFO     | models.pretraitement | Valeurs manquantes imputées : 7
2026-07-29 10:14:33 | INFO     | models.modele_ml | RandomForestClassifier entraîné : 50 arbres, 4 features
2026-07-29 10:14:33 | INFO     | models.rapport_evaluation | Évaluation : accuracy=1.000 precision=1.000 recall=1.000 f1=1.000 roc_auc=0.000
2026-07-29 10:14:33 | INFO     | models.modele_ml | Labels d'utilité générés (règles génériques) : {'trop_vide': 9, 'doublon': 9, 'valeur_aberrante': 0, 'non_utile_total': 14, 'utile_total': 16, 'colonnes_aberrantes': []}
2026-07-29 10:14:33 | INFO     | models.pretraitement | Doublons supprimés : 9
2026-07-29 10:14:33 | INFO     | models.pretraitement | Valeurs manquantes imputées : 19
2026-07-29 10:14:33 | INFO     | models.modele_ml | RandomForestClassifier entraîné : 50 arbres, 7 features
2026-07-29 10:14:33 | INFO     | models.rapport_evaluation | Évaluation : accuracy=0.333 precision=0.556 recall=0.333 f1=0.417 roc_auc=0.100
2026-07-29 10:14:33 | INFO     | models.modele_ml | Labels d'utilité générés (règles génériques) : {'trop_vide': 5, 'doublon': 6, 'valeur_aberrante': 0, 'non_utile_total': 9, 'utile_total': 11, 'colonnes_aberrantes': []}
2026-07-29 10:14:33 | INFO     | models.pretraitement | Doublons supprimés : 6
2026-07-29 10:14:33 | INFO     | models.pretraitement | Valeurs manquantes imputées : 13
2026-07-29 10:14:33 | INFO     | models.modele_ml | RandomForestClassifier entraîné : 50 arbres, 7 features
2026-07-29 10:14:33 | INFO     | models.rapport_evaluation | Évaluation : accuracy=0.750 precision=0.875 recall=0.750 f1=0.767 roc_auc=1.000
2026-07-29 10:14:33 | INFO     | models.modele_ml | Labels d'utilité générés (règles génériques) : {'trop_vide': 0, 'doublon': 0, 'valeur_aberrante': 0, 'non_utile_total': 0, 'utile_total': 5, 'colonnes_aberrantes': []}
2026-07-29 10:14:33 | INFO     | models.pretraitement | Doublons supprimés : 0
2026-07-29 10:14:33 | INFO     | models.pretraitement | Valeurs manquantes imputées : 7
2026-07-29 10:14:33 | INFO     | models.modele_ml | Labels d'utilité générés (règles génériques) : {'trop_vide': 0, 'doublon': 0, 'valeur_aberrante': 0, 'non_utile_total': 0, 'utile_total': 30, 'colonnes_aberrantes': []}
2026-07-29 10:14:33 | INFO     | models.pretraitement | Doublons supprimés : 0
2026-07-29 10:14:33 | INFO     | models.pretraitement | Valeurs manquantes imputées : 20
2026-07-29 10:14:33 | INFO     | models.modele_ml | Labels d'utilité générés (règles génériques) : {'trop_vide': 0, 'doublon': 0, 'valeur_aberrante': 0, 'non_utile_total': 0, 'utile_total': 5, 'colonnes_aberrantes': []}
2026-07-29 10:14:33 | INFO     | models.pretraitement | Doublons supprimés : 0
2026-07-29 10:14:33 | INFO     | models.pretraitement | Valeurs manquantes imputées : 4
2026-07-29 10:14:33 | INFO     | models.modele_ml | Labels d'utilité générés (règles génériques) : {'trop_vide': 0, 'doublon': 0, 'valeur_aberrante': 0, 'non_utile_total': 0, 'utile_total': 10, 'colonnes_aberrantes': []}
2026-07-29 10:14:33 | INFO     | models.pretraitement | Doublons supprimés : 0
2026-07-29 10:14:33 | INFO     | models.pretraitement | Valeurs manquantes imputées : 15
2026-07-29 10:14:33 | INFO     | models.modele_ml | Labels d'utilité générés (règles génériques) : {'trop_vide': 0, 'doublon': 0, 'valeur_aberrante': 0, 'non_utile_total': 0, 'utile_total': 10, 'colonnes_aberrantes': []}
2026-07-29 10:14:33 | INFO     | models.pretraitement | Doublons supprimés : 0
2026-07-29 10:14:33 | INFO     | models.pretraitement | Valeurs manquantes imputées : 6
2026-07-29 10:14:33 | INFO     | models.modele_ml | Labels d'utilité générés (règles génériques) : {'trop_vide': 0, 'doublon': 2, 'valeur_aberrante': 0, 'non_utile_total': 2, 'utile_total': 6, 'colonnes_aberrantes': []}
2026-07-29 10:14:33 | INFO     | models.pretraitement | Doublons supprimés : 2
2026-07-29 10:14:33 | INFO     | models.pretraitement | Valeurs manquantes imputées : 3
2026-07-29 10:14:33 | INFO     | models.modele_ml | Labels d'utilité générés (règles génériques) : {'trop_vide': 5, 'doublon': 12, 'valeur_aberrante': 0, 'non_utile_total': 13, 'utile_total': 2, 'colonnes_aberrantes': []}
2026-07-29 10:14:33 | INFO     | models.pretraitement | Doublons supprimés : 12
2026-07-29 10:14:33 | INFO     | models.pretraitement | Valeurs manquantes imputées : 1
2026-07-29 10:14:33 | INFO     | models.modele_ml | RandomForestClassifier entraîné : 50 arbres, 2 features
2026-07-29 10:14:33 | INFO     | models.rapport_evaluation | Évaluation : accuracy=0.000 precision=0.000 recall=0.000 f1=0.000 roc_auc=0.000
2026-07-29 10:15:12 | INFO     | models.modele_ml | Labels d'utilité générés (règles génériques) : {'trop_vide': 0, 'doublon': 0, 'valeur_aberrante': 0, 'non_utile_total': 0, 'utile_total': 10, 'colonnes_aberrantes': []}
2026-07-29 10:15:12 | INFO     | models.pretraitement | Doublons supprimés : 0
2026-07-29 10:15:12 | INFO     | models.pretraitement | Valeurs manquantes imputées : 0
2026-07-29 10:15:36 | INFO     | models.modele_ml | Labels d'utilité générés (règles génériques) : {'trop_vide': 0, 'doublon': 0, 'valeur_aberrante': 1, 'non_utile_total': 1, 'utile_total': 15, 'colonnes_aberrantes': ['num']}
2026-07-29 10:15:36 | INFO     | models.pretraitement | Doublons supprimés : 0
2026-07-29 10:15:36 | INFO     | models.pretraitement | Valeurs manquantes imputées : 0
2026-07-29 10:16:26 | INFO     | models.modele_ml | Labels d'utilité générés (règles génériques) : {'trop_vide': 0, 'doublon': 0, 'valeur_aberrante': 1, 'non_utile_total': 1, 'utile_total': 15, 'colonnes_aberrantes': ['num']}
2026-07-29 10:16:26 | INFO     | models.pretraitement | Doublons supprimés : 0
2026-07-29 10:16:26 | INFO     | models.pretraitement | Valeurs manquantes imputées : 0
2026-07-29 10:16:26 | INFO     | models.modele_ml | Labels d'utilité générés (règles génériques) : {'trop_vide': 0, 'doublon': 0, 'valeur_aberrante': 1, 'non_utile_total': 1, 'utile_total': 15, 'colonnes_aberrantes': ['num']}
2026-07-29 10:16:26 | INFO     | models.pretraitement | Doublons supprimés : 0
2026-07-29 10:16:26 | INFO     | models.pretraitement | Valeurs manquantes imputées : 0
2026-07-29 10:16:26 | INFO     | models.modele_ml | Labels d'utilité générés (règles génériques) : {'trop_vide': 0, 'doublon': 0, 'valeur_aberrante': 1, 'non_utile_total': 1, 'utile_total': 15, 'colonnes_aberrantes': ['num']}
2026-07-29 10:16:26 | INFO     | models.pretraitement | Doublons supprimés : 0
2026-07-29 10:16:26 | INFO     | models.pretraitement | Valeurs manquantes imputées : 0
2026-07-29 10:16:26 | INFO     | models.modele_ml | Labels d'utilité générés (règles génériques) : {'trop_vide': 0, 'doublon': 0, 'valeur_aberrante': 1, 'non_utile_total': 1, 'utile_total': 15, 'colonnes_aberrantes': ['num']}
2026-07-29 10:16:26 | INFO     | models.pretraitement | Doublons supprimés : 0
2026-07-29 10:16:26 | INFO     | models.pretraitement | Valeurs manquantes imputées : 0
2026-07-29 10:21:12 | INFO     | models.fichier_excel | Fichier chargé : Thor - Corrective maintenance follow-up - Copy.xlsx (227 lignes, 12 colonnes)
2026-07-29 10:21:12 | INFO     | models.fichier_excel | JeuDonnees créé : 227 lignes, 12 colonnes
2026-07-29 10:21:15 | INFO     | models.fichier_excel | Fichier chargé : Thor - Corrective maintenance follow-up - Copy.xlsx (42 lignes, 3 colonnes)
2026-07-29 10:21:15 | INFO     | models.fichier_excel | JeuDonnees créé : 42 lignes, 3 colonnes
2026-07-29 10:21:19 | INFO     | models.analyse_eda | EDA : 2 colonnes numériques analysées
2026-07-29 10:21:28 | INFO     | models.modele_ml | Labels d'utilité générés (règles génériques) : {'trop_vide': 0, 'doublon': 0, 'valeur_aberrante': 4, 'non_utile_total': 4, 'utile_total': 38, 'colonnes_aberrantes': ["Sum of Durée de l'Arrêt\n(min)", '%']}
2026-07-29 10:21:28 | INFO     | models.pretraitement | Doublons supprimés : 0
2026-07-29 10:21:28 | INFO     | models.pretraitement | Valeurs manquantes imputées : 1
2026-07-29 10:21:35 | INFO     | models.risque_machine | Score de risque calculé pour 42 machine(s).
2026-07-29 10:21:47 | INFO     | models.modele_ml | RandomForestClassifier entraîné : 200 arbres, 44 features
2026-07-29 10:21:47 | INFO     | models.rapport_evaluation | Évaluation : accuracy=1.000 precision=1.000 recall=1.000 f1=1.000 roc_auc=0.000
2026-07-29 10:21:48 | INFO     | models.modele_ml | RandomForestClassifier entraîné : 200 arbres, 44 features
2026-07-29 10:21:48 | INFO     | models.rapport_evaluation | Évaluation : accuracy=1.000 precision=1.000 recall=1.000 f1=1.000 roc_auc=1.000
2026-07-29 10:21:48 | INFO     | models.risque_machine | Score de risque calculé pour 42 machine(s).
2026-07-29 10:21:52 | INFO     | models.risque_machine | Score de risque calculé pour 42 machine(s).
2026-07-29 10:21:54 | INFO     | models.risque_machine | Score de risque calculé pour 42 machine(s).
2026-07-29 10:21:55 | INFO     | models.modele_ml | GradientBoostingClassifier entraîné : 150 arbres, 44 features
2026-07-29 10:21:55 | INFO     | models.rapport_evaluation | Évaluation : accuracy=1.000 precision=1.000 recall=1.000 f1=1.000 roc_auc=1.000
2026-07-29 10:21:55 | INFO     | models.risque_machine | Score de risque calculé pour 42 machine(s).
2026-07-29 10:22:02 | INFO     | models.modele_ml | GradientBoostingClassifier entraîné : 150 arbres, 44 features
2026-07-29 10:22:02 | INFO     | models.rapport_evaluation | Évaluation : accuracy=1.000 precision=1.000 recall=1.000 f1=1.000 roc_auc=1.000
2026-07-29 10:22:02 | INFO     | models.risque_machine | Score de risque calculé pour 42 machine(s).
2026-07-29 10:24:24 | INFO     | models.modele_ml | Labels d'utilité générés (règles génériques) : {'trop_vide': 0, 'doublon': 0, 'valeur_aberrante': 1, 'non_utile_total': 1, 'utile_total': 15, 'colonnes_aberrantes': ['num']}
2026-07-29 10:24:24 | INFO     | models.pretraitement | Doublons supprimés : 0
2026-07-29 10:24:24 | INFO     | models.pretraitement | Valeurs manquantes imputées : 0
2026-07-29 10:24:25 | INFO     | models.modele_ml | RandomForestClassifier entraîné : 200 arbres, 4 features
2026-07-29 10:24:25 | INFO     | models.rapport_evaluation | Évaluation : accuracy=0.750 precision=1.000 recall=0.750 f1=0.857 roc_auc=0.000
2026-07-29 10:24:25 | INFO     | models.modele_ml | LogisticRegression entraîné : 4 features
2026-07-29 10:24:25 | INFO     | models.rapport_evaluation | Évaluation : accuracy=0.750 precision=1.000 recall=0.750 f1=0.857 roc_auc=0.000
2026-07-29 10:24:25 | INFO     | models.modele_ml | GradientBoostingClassifier entraîné : 150 arbres, 4 features
2026-07-29 10:24:25 | INFO     | models.rapport_evaluation | Évaluation : accuracy=1.000 precision=1.000 recall=1.000 f1=1.000 roc_auc=0.000
2026-07-29 10:24:25 | INFO     | models.modele_ml | SVC entraîné : noyau=rbf, 4 features
2026-07-29 10:24:25 | INFO     | models.rapport_evaluation | Évaluation : accuracy=0.750 precision=1.000 recall=0.750 f1=0.857 roc_auc=0.000
2026-07-29 10:24:37 | INFO     | models.fichier_excel | Fichier chargé : x.xlsx (59 lignes, 5 colonnes)
2026-07-29 10:24:37 | INFO     | models.fichier_excel | JeuDonnees créé : 59 lignes, 5 colonnes
2026-07-29 10:24:37 | INFO     | models.analyse_eda | EDA : 2 colonnes numériques analysées
2026-07-29 10:24:37 | INFO     | models.modele_ml | Labels d'utilité générés (règles génériques) : {'trop_vide': 10, 'doublon': 4, 'valeur_aberrante': 0, 'non_utile_total': 11, 'utile_total': 48, 'colonnes_aberrantes': []}
2026-07-29 10:24:37 | INFO     | models.pretraitement | Doublons supprimés : 4
2026-07-29 10:24:37 | INFO     | models.pretraitement | Valeurs manquantes imputées : 28
2026-07-29 10:24:38 | INFO     | models.modele_ml | RandomForestClassifier entraîné : 200 arbres, 10 features
2026-07-29 10:24:38 | INFO     | models.rapport_evaluation | Évaluation : accuracy=1.000 precision=1.000 recall=1.000 f1=1.000 roc_auc=1.000
2026-07-29 10:24:40 | INFO     | models.fichier_excel | Fichier chargé : x.xlsx (72 lignes, 12 colonnes)
2026-07-29 10:24:40 | INFO     | models.fichier_excel | JeuDonnees créé : 72 lignes, 12 colonnes
2026-07-29 10:24:40 | INFO     | models.analyse_eda | EDA : 2 colonnes numériques analysées
2026-07-29 10:24:40 | INFO     | models.modele_ml | Labels d'utilité générés (règles génériques) : {'trop_vide': 1, 'doublon': 1, 'valeur_aberrante': 0, 'non_utile_total': 2, 'utile_total': 70, 'colonnes_aberrantes': []}
2026-07-29 10:24:40 | INFO     | models.pretraitement | Doublons supprimés : 1
2026-07-29 10:24:40 | INFO     | models.pretraitement | Valeurs manquantes imputées : 142
2026-07-29 10:24:40 | INFO     | models.modele_ml | RandomForestClassifier entraîné : 200 arbres, 31 features
2026-07-29 10:24:40 | INFO     | models.rapport_evaluation | Évaluation : accuracy=0.944 precision=1.000 recall=0.944 f1=0.971 roc_auc=0.000
2026-07-29 10:24:43 | INFO     | models.fichier_excel | Fichier chargé : x.xlsx (92 lignes, 5 colonnes)
2026-07-29 10:24:43 | INFO     | models.fichier_excel | JeuDonnees créé : 92 lignes, 5 colonnes
2026-07-29 10:24:43 | INFO     | models.analyse_eda | EDA : 2 colonnes numériques analysées
2026-07-29 10:24:43 | INFO     | models.modele_ml | Labels d'utilité générés (règles génériques) : {'trop_vide': 12, 'doublon': 2, 'valeur_aberrante': 0, 'non_utile_total': 14, 'utile_total': 78, 'colonnes_aberrantes': []}
2026-07-29 10:24:43 | INFO     | models.pretraitement | Doublons supprimés : 2
2026-07-29 10:24:43 | INFO     | models.pretraitement | Valeurs manquantes imputées : 48
2026-07-29 10:24:43 | INFO     | models.modele_ml | RandomForestClassifier entraîné : 200 arbres, 10 features
2026-07-29 10:24:43 | INFO     | models.rapport_evaluation | Évaluation : accuracy=0.957 precision=0.967 recall=0.957 f1=0.959 roc_auc=1.000
2026-07-29 10:24:46 | INFO     | models.fichier_excel | Fichier chargé : x.xlsx (157 lignes, 5 colonnes)
2026-07-29 10:24:46 | INFO     | models.fichier_excel | JeuDonnees créé : 157 lignes, 5 colonnes
2026-07-29 10:24:46 | INFO     | models.analyse_eda | EDA : 2 colonnes numériques analysées
2026-07-29 10:24:46 | INFO     | models.modele_ml | Labels d'utilité générés (règles génériques) : {'trop_vide': 22, 'doublon': 5, 'valeur_aberrante': 0, 'non_utile_total': 27, 'utile_total': 130, 'colonnes_aberrantes': []}
2026-07-29 10:24:46 | INFO     | models.pretraitement | Doublons supprimés : 5
2026-07-29 10:24:46 | INFO     | models.pretraitement | Valeurs manquantes imputées : 77
2026-07-29 10:24:46 | INFO     | models.modele_ml | RandomForestClassifier entraîné : 200 arbres, 10 features
2026-07-29 10:24:46 | INFO     | models.rapport_evaluation | Évaluation : accuracy=1.000 precision=1.000 recall=1.000 f1=1.000 roc_auc=1.000
2026-07-29 10:25:02 | INFO     | models.risque_machine | Score de risque calculé pour 42 machine(s).
2026-07-29 10:25:15 | INFO     | models.fichier_excel | Fichier chargé : Thor - Corrective maintenance follow-up - Copy.xlsx (227 lignes, 12 colonnes)
2026-07-29 10:25:15 | INFO     | models.fichier_excel | JeuDonnees créé : 227 lignes, 12 colonnes
2026-07-29 10:25:23 | INFO     | models.fichier_excel | Fichier chargé : Maintenacne record & downtime 2025 Daily_Update - Copy.xlsx (198 lignes, 109 colonnes)
2026-07-29 10:25:23 | INFO     | models.fichier_excel | JeuDonnees créé : 198 lignes, 109 colonnes
2026-07-29 10:25:41 | INFO     | models.fichier_excel | Fichier chargé : Maintenacne record & downtime 2025 Daily_Update - Copy.xlsx (83 lignes, 725 colonnes)
2026-07-29 10:25:41 | INFO     | models.fichier_excel | JeuDonnees créé : 83 lignes, 725 colonnes
2026-07-29 10:25:56 | INFO     | models.analyse_eda | EDA : 721 colonnes numériques analysées
2026-07-29 10:26:23 | INFO     | models.fichier_excel | Fichier chargé : Maintenacne record & downtime 2025 Daily_Update - Copy.xlsx (198 lignes, 109 colonnes)
2026-07-29 10:26:23 | INFO     | models.fichier_excel | JeuDonnees créé : 198 lignes, 109 colonnes
2026-07-29 10:26:32 | INFO     | models.fichier_excel | Fichier chargé : Thor_Corrective_Maintenance_Modified.xlsx (227 lignes, 4 colonnes)
2026-07-29 10:26:32 | INFO     | models.fichier_excel | JeuDonnees créé : 227 lignes, 4 colonnes
2026-07-29 10:26:34 | INFO     | models.fichier_excel | Fichier chargé : Thor_Corrective_Maintenance_Modified.xlsx (42 lignes, 2 colonnes)
2026-07-29 10:26:34 | INFO     | models.fichier_excel | JeuDonnees créé : 42 lignes, 2 colonnes
2026-07-29 10:26:37 | INFO     | models.analyse_eda | EDA : 1 colonnes numériques analysées
2026-07-29 10:26:50 | INFO     | models.modele_ml | Labels d'utilité générés (règles génériques) : {'trop_vide': 0, 'doublon': 0, 'valeur_aberrante': 4, 'non_utile_total': 4, 'utile_total': 38, 'colonnes_aberrantes': ["Sum of Durée de l'Arrêt\n(min)"]}
2026-07-29 10:26:50 | INFO     | models.pretraitement | Doublons supprimés : 0
2026-07-29 10:26:50 | INFO     | models.pretraitement | Valeurs manquantes imputées : 1
2026-07-29 10:26:55 | INFO     | models.risque_machine | Score de risque calculé pour 42 machine(s).
2026-07-29 10:26:57 | INFO     | models.risque_machine | Score de risque calculé pour 42 machine(s).
2026-07-29 10:26:58 | INFO     | models.modele_ml | RandomForestClassifier entraîné : 200 arbres, 43 features
2026-07-29 10:26:58 | INFO     | models.rapport_evaluation | Évaluation : accuracy=1.000 precision=1.000 recall=1.000 f1=1.000 roc_auc=1.000
2026-07-29 10:26:59 | INFO     | models.risque_machine | Score de risque calculé pour 42 machine(s).
2026-07-29 20:31:51 | INFO     | models.fichier_excel | Fichier chargé : Thor_Corrective_Maintenance_Modified.xlsx (227 lignes, 4 colonnes)
2026-07-29 20:31:51 | INFO     | models.fichier_excel | JeuDonnees créé : 227 lignes, 4 colonnes
2026-07-29 20:31:55 | INFO     | models.fichier_excel | Fichier chargé : Thor_Corrective_Maintenance_Modified.xlsx (42 lignes, 2 colonnes)
2026-07-29 20:31:55 | INFO     | models.fichier_excel | JeuDonnees créé : 42 lignes, 2 colonnes
2026-07-29 20:32:02 | INFO     | models.analyse_eda | EDA : 1 colonnes numériques analysées
2026-07-29 20:32:27 | INFO     | models.modele_ml | Labels d'utilité générés (règles génériques) : {'trop_vide': 0, 'doublon': 0, 'valeur_aberrante': 4, 'non_utile_total': 4, 'utile_total': 38, 'colonnes_aberrantes': ["Sum of Durée de l'Arrêt\n(min)"]}
2026-07-29 20:32:27 | INFO     | models.pretraitement | Doublons supprimés : 0
2026-07-29 20:32:27 | INFO     | models.pretraitement | Valeurs manquantes imputées : 1
2026-07-29 20:32:37 | INFO     | models.risque_machine | Score de risque calculé pour 42 machine(s).
2026-07-29 20:51:14 | INFO     | models.modele_ml | RandomForestClassifier entraîné : 200 arbres, 43 features
2026-07-29 20:51:15 | INFO     | models.rapport_evaluation | Évaluation : accuracy=1.000 precision=1.000 recall=1.000 f1=1.000 roc_auc=1.000
2026-07-29 20:51:22 | INFO     | models.fichier_excel | Fichier chargé : Thor_Corrective_Maintenance_Modified.xlsx (227 lignes, 4 colonnes)
2026-07-29 20:51:22 | INFO     | models.fichier_excel | JeuDonnees créé : 227 lignes, 4 colonnes
2026-07-29 20:51:53 | INFO     | models.fichier_excel | Fichier chargé : Thor_Corrective_Maintenance_Modified.xlsx (42 lignes, 2 colonnes)
2026-07-29 20:51:53 | INFO     | models.fichier_excel | JeuDonnees créé : 42 lignes, 2 colonnes
2026-07-29 20:51:57 | INFO     | models.analyse_eda | EDA : 1 colonnes numériques analysées
2026-07-29 20:52:07 | INFO     | models.modele_ml | Labels d'utilité générés (règles génériques) : {'trop_vide': 0, 'doublon': 0, 'valeur_aberrante': 4, 'non_utile_total': 4, 'utile_total': 38, 'colonnes_aberrantes': ["Sum of Durée de l'Arrêt\n(min)"]}
2026-07-29 20:52:07 | INFO     | models.pretraitement | Doublons supprimés : 0
2026-07-29 20:52:07 | INFO     | models.pretraitement | Valeurs manquantes imputées : 1
2026-07-29 21:06:49 | INFO     | models.fichier_excel | Fichier chargé : Thor - Corrective maintenance follow-up - Copy.xlsx (227 lignes, 12 colonnes)
2026-07-29 21:06:49 | INFO     | models.fichier_excel | JeuDonnees créé : 227 lignes, 12 colonnes
2026-07-29 21:07:11 | INFO     | models.fichier_excel | Fichier chargé : Thor - Corrective maintenance follow-up - Copy.xlsx (42 lignes, 3 colonnes)
2026-07-29 21:07:11 | INFO     | models.fichier_excel | JeuDonnees créé : 42 lignes, 3 colonnes
2026-07-29 21:07:34 | INFO     | models.analyse_eda | EDA : 2 colonnes numériques analysées
2026-07-29 21:07:52 | INFO     | models.modele_ml | Labels d'utilité générés (règles génériques) : {'trop_vide': 0, 'doublon': 0, 'valeur_aberrante': 4, 'non_utile_total': 4, 'utile_total': 38, 'colonnes_aberrantes': ["Sum of Durée de l'Arrêt\n(min)", '%']}
2026-07-29 21:07:52 | INFO     | models.pretraitement | Doublons supprimés : 0
2026-07-29 21:07:52 | INFO     | models.pretraitement | Valeurs manquantes imputées : 1
2026-07-29 21:08:07 | INFO     | models.modele_ml | RandomForestClassifier entraîné : 200 arbres, 44 features
2026-07-29 21:08:07 | INFO     | models.rapport_evaluation | Évaluation : accuracy=1.000 precision=1.000 recall=1.000 f1=1.000 roc_auc=1.000
2026-07-29 21:08:11 | INFO     | models.modele_ml | LogisticRegression entraîné : 44 features
2026-07-29 21:08:12 | INFO     | models.rapport_evaluation | Évaluation : accuracy=1.000 precision=1.000 recall=1.000 f1=1.000 roc_auc=1.000
2026-07-29 21:08:13 | INFO     | models.modele_ml | LogisticRegression entraîné : 44 features
2026-07-29 21:08:13 | INFO     | models.rapport_evaluation | Évaluation : accuracy=1.000 precision=1.000 recall=1.000 f1=1.000 roc_auc=1.000
2026-07-29 21:18:04 | INFO     | models.risque_machine | Estimation par formule (temps restant) calculée pour 130 machine(s).
2026-07-29 21:18:57 | INFO     | models.risque_machine | Prédicteur de panne entraîné : 981 exemples, métriques={'nb_exemples_entrainement': 981, 'mae_jours': 1.5971747967479677, 'accuracy_risque': 0.991869918699187, 'auc_risque': 0.9743852459016393}
2026-07-29 21:18:58 | INFO     | models.risque_machine | Prédiction de panne calculée pour 11 machine(s).
2026-07-29 21:21:25 | INFO     | models.risque_machine | Estimation par formule (temps restant) calculée pour 41 machine(s).
2026-08-04 23:55:27 | INFO     | models.fichier_excel | Fichier chargé : Thor - Corrective maintenance follow-up - Copy.xlsx (227 lignes, 12 colonnes)
2026-08-04 23:55:27 | INFO     | models.fichier_excel | JeuDonnees créé : 227 lignes, 12 colonnes
2026-08-04 23:55:45 | INFO     | models.fichier_excel | Fichier chargé : Thor - Corrective maintenance follow-up - Copy.xlsx (27 lignes, 20 colonnes)
2026-08-04 23:55:45 | INFO     | models.fichier_excel | JeuDonnees créé : 27 lignes, 20 colonnes
2026-08-04 23:55:57 | INFO     | models.fichier_excel | Fichier chargé : Thor - Corrective maintenance follow-up - Copy.xlsx (8 lignes, 1 colonnes)
2026-08-04 23:55:57 | INFO     | models.fichier_excel | JeuDonnees créé : 8 lignes, 1 colonnes
2026-08-04 23:56:03 | INFO     | models.fichier_excel | Fichier chargé : Thor - Corrective maintenance follow-up - Copy.xlsx (42 lignes, 3 colonnes)
2026-08-04 23:56:03 | INFO     | models.fichier_excel | JeuDonnees créé : 42 lignes, 3 colonnes
2026-08-04 23:56:08 | INFO     | models.analyse_eda | EDA : 2 colonnes numériques analysées
2026-08-05 00:00:32 | INFO     | models.modele_ml | Labels d'utilité générés (règles génériques) : {'trop_vide': 0, 'doublon': 0, 'valeur_aberrante': 4, 'non_utile_total': 4, 'utile_total': 38, 'colonnes_aberrantes': ["Sum of Durée de l'Arrêt\n(min)", '%']}
2026-08-05 00:00:32 | INFO     | models.pretraitement | Doublons supprimés : 0
2026-08-05 00:00:32 | INFO     | models.pretraitement | Valeurs manquantes imputées : 1
2026-08-05 00:00:42 | INFO     | models.risque_machine | Estimation par formule (temps restant) calculée pour 41 machine(s).
2026-08-05 00:00:44 | INFO     | models.risque_machine | Estimation par formule (temps restant) calculée pour 41 machine(s).
2026-08-05 00:14:31 | INFO     | models.risque_machine | Estimation par formule (temps restant) calculée pour 41 machine(s).
2026-08-05 00:15:32 | INFO     | models.fichier_excel | Fichier chargé : Thor - Corrective maintenance follow-up - Copy.xlsx (227 lignes, 12 colonnes)
2026-08-05 00:15:32 | INFO     | models.fichier_excel | JeuDonnees créé : 227 lignes, 12 colonnes
2026-08-05 00:18:22 | INFO     | models.fichier_excel | Fichier chargé : Maintenacne record & downtime 2025 Daily_Update - Copy.xlsx (198 lignes, 109 colonnes)
2026-08-05 00:18:22 | INFO     | models.fichier_excel | JeuDonnees créé : 198 lignes, 109 colonnes
2026-08-05 00:18:59 | INFO     | models.analyse_eda | EDA : 56 colonnes numériques analysées
2026-08-05 00:19:14 | INFO     | models.modele_ml | Labels d'utilité générés (règles génériques) : {'trop_vide': 55, 'doublon': 4, 'valeur_aberrante': 7, 'non_utile_total': 55, 'utile_total': 143, 'colonnes_aberrantes': ['No.']}
2026-08-05 00:19:14 | INFO     | models.pretraitement | Doublons supprimés : 4
2026-08-05 00:19:14 | INFO     | models.pretraitement | Valeurs manquantes imputées : 9096
2026-08-05 00:19:17 | INFO     | models.risque_machine | Estimation par formule (temps restant) calculée pour 9 machine(s).
2026-08-05 00:19:20 | INFO     | models.risque_machine | Estimation par formule (temps restant) calculée pour 9 machine(s).
2026-08-05 00:19:21 | INFO     | models.modele_ml | RandomForestClassifier entraîné : 200 arbres, 720 features
2026-08-05 00:19:21 | INFO     | models.rapport_evaluation | Évaluation : accuracy=0.673 precision=0.854 recall=0.673 f1=0.689 roc_auc=0.987
2026-08-05 00:19:23 | INFO     | models.risque_machine | Estimation par formule (temps restant) calculée pour 9 machine(s).
2026-08-05 00:21:41 | INFO     | models.fichier_excel | Fichier chargé : Machine Classification (2).xlsx (163 lignes, 41 colonnes)
2026-08-05 00:21:41 | INFO     | models.fichier_excel | JeuDonnees créé : 163 lignes, 41 colonnes
2026-08-05 00:21:45 | INFO     | models.fichier_excel | Fichier chargé : Machine Classification (2).xlsx (163 lignes, 5 colonnes)
2026-08-05 00:21:45 | INFO     | models.fichier_excel | JeuDonnees créé : 163 lignes, 5 colonnes
2026-08-05 00:22:07 | INFO     | models.fichier_excel | Fichier chargé : Thor_Corrective_Maintenance_Modified.xlsx (227 lignes, 4 colonnes)
2026-08-05 00:22:07 | INFO     | models.fichier_excel | JeuDonnees créé : 227 lignes, 4 colonnes
2026-08-05 00:22:17 | INFO     | models.fichier_excel | Fichier chargé : Thor_Corrective_Maintenance_Modified.xlsx (8 lignes, 1 colonnes)
2026-08-05 00:22:17 | INFO     | models.fichier_excel | JeuDonnees créé : 8 lignes, 1 colonnes
2026-08-05 00:22:24 | INFO     | models.fichier_excel | Fichier chargé : Thor_Corrective_Maintenance_Modified.xlsx (42 lignes, 2 colonnes)
2026-08-05 00:22:24 | INFO     | models.fichier_excel | JeuDonnees créé : 42 lignes, 2 colonnes
2026-08-05 00:22:28 | INFO     | models.analyse_eda | EDA : 1 colonnes numériques analysées
2026-08-05 00:22:36 | INFO     | models.modele_ml | Labels d'utilité générés (règles génériques) : {'trop_vide': 0, 'doublon': 0, 'valeur_aberrante': 4, 'non_utile_total': 4, 'utile_total': 38, 'colonnes_aberrantes': ["Sum of Durée de l'Arrêt\n(min)"]}
2026-08-05 00:22:36 | INFO     | models.pretraitement | Doublons supprimés : 0
2026-08-05 00:22:36 | INFO     | models.pretraitement | Valeurs manquantes imputées : 1
2026-08-05 00:22:43 | INFO     | models.modele_ml | RandomForestClassifier entraîné : 200 arbres, 43 features
2026-08-05 00:22:43 | INFO     | models.rapport_evaluation | Évaluation : accuracy=1.000 precision=1.000 recall=1.000 f1=1.000 roc_auc=1.000
2026-08-05 00:23:12 | INFO     | models.fichier_excel | Fichier chargé : Thor_Corrective_Maintenance_Modified.xlsx (227 lignes, 4 colonnes)
2026-08-05 00:23:12 | INFO     | models.fichier_excel | JeuDonnees créé : 227 lignes, 4 colonnes
2026-08-05 00:23:19 | INFO     | models.fichier_excel | Fichier chargé : Thor_Corrective_Maintenance_Modified.xlsx (27 lignes, 20 colonnes)
2026-08-05 00:23:19 | INFO     | models.fichier_excel | JeuDonnees créé : 27 lignes, 20 colonnes
2026-08-05 00:23:24 | INFO     | models.analyse_eda | EDA : 0 colonnes numériques analysées
2026-08-05 00:23:30 | INFO     | models.fichier_excel | Fichier chargé : Thor_Corrective_Maintenance_Modified.xlsx (227 lignes, 4 colonnes)
2026-08-05 00:23:30 | INFO     | models.fichier_excel | JeuDonnees créé : 227 lignes, 4 colonnes
2026-08-05 00:23:39 | INFO     | models.fichier_excel | Fichier chargé : Thor_Corrective_Maintenance_Modified.xlsx (27 lignes, 20 colonnes)
2026-08-05 00:23:39 | INFO     | models.fichier_excel | JeuDonnees créé : 27 lignes, 20 colonnes
2026-08-05 00:23:46 | INFO     | models.analyse_eda | EDA : 0 colonnes numériques analysées
2026-08-05 00:23:53 | INFO     | models.fichier_excel | Fichier chargé : Thor_Corrective_Maintenance_Modified.xlsx (227 lignes, 4 colonnes)
2026-08-05 00:23:53 | INFO     | models.fichier_excel | JeuDonnees créé : 227 lignes, 4 colonnes
2026-08-05 00:23:56 | INFO     | models.fichier_excel | Fichier chargé : Thor_Corrective_Maintenance_Modified.xlsx (42 lignes, 2 colonnes)
2026-08-05 00:23:56 | INFO     | models.fichier_excel | JeuDonnees créé : 42 lignes, 2 colonnes
2026-08-05 00:24:01 | INFO     | models.analyse_eda | EDA : 1 colonnes numériques analysées
2026-08-05 00:24:09 | INFO     | models.modele_ml | Labels d'utilité générés (règles génériques) : {'trop_vide': 0, 'doublon': 0, 'valeur_aberrante': 4, 'non_utile_total': 4, 'utile_total': 38, 'colonnes_aberrantes': ["Sum of Durée de l'Arrêt\n(min)"]}
2026-08-05 00:24:09 | INFO     | models.pretraitement | Doublons supprimés : 0
2026-08-05 00:24:09 | INFO     | models.pretraitement | Valeurs manquantes imputées : 1
2026-08-05 00:24:14 | INFO     | models.modele_ml | RandomForestClassifier entraîné : 200 arbres, 43 features
2026-08-05 00:24:14 | INFO     | models.rapport_evaluation | Évaluation : accuracy=1.000 precision=1.000 recall=1.000 f1=1.000 roc_auc=1.000
2026-08-05 00:24:56 | INFO     | models.modele_ml | RandomForestClassifier entraîné : 200 arbres, 43 features
2026-08-05 00:24:56 | INFO     | models.rapport_evaluation | Évaluation : accuracy=1.000 precision=1.000 recall=1.000 f1=1.000 roc_auc=1.000
2026-08-05 00:27:11 | INFO     | models.fichier_excel | Fichier chargé : Thor.xlsx (227 lignes, 12 colonnes)
2026-08-05 00:27:11 | INFO     | models.fichier_excel | Fichier chargé : Thor.xlsx (42 lignes, 3 colonnes)
2026-08-05 00:27:11 | INFO     | models.fichier_excel | Fichier chargé : Thor.xlsx (8 lignes, 1 colonnes)
2026-08-05 00:27:11 | INFO     | models.fichier_excel | Fichier chargé : Thor.xlsx (27 lignes, 20 colonnes)
2026-08-05 00:27:30 | INFO     | models.fichier_excel | Fichier chargé : Thor.xlsx (227 lignes, 12 colonnes)
2026-08-05 00:31:48 | INFO     | models.modele_ml | GradientBoostingClassifier entraîné : 150 arbres, 43 features
2026-08-05 00:31:48 | INFO     | models.rapport_evaluation | Évaluation : accuracy=1.000 precision=1.000 recall=1.000 f1=1.000 roc_auc=1.000
2026-08-05 00:34:03 | INFO     | models.fichier_excel | Fichier chargé : Thor_Corrective_Maintenance_Modified.xlsx (227 lignes, 4 colonnes)
2026-08-05 00:34:03 | INFO     | models.fichier_excel | JeuDonnees créé : 227 lignes, 4 colonnes
2026-08-05 00:34:13 | INFO     | models.analyse_eda | EDA : 0 colonnes numériques analysées
2026-08-05 00:34:54 | INFO     | models.fichier_excel | Fichier chargé : Thor - Corrective maintenance follow-up.xlsx (0 lignes, 0 colonnes)
2026-08-05 00:34:54 | INFO     | models.fichier_excel | JeuDonnees créé : 0 lignes, 0 colonnes
2026-08-05 00:35:15 | INFO     | models.fichier_excel | Fichier chargé : Thor - Corrective maintenance follow-up.xlsx (8 lignes, 1 colonnes)
2026-08-05 00:35:15 | INFO     | models.fichier_excel | JeuDonnees créé : 8 lignes, 1 colonnes
2026-08-05 00:35:20 | INFO     | models.fichier_excel | Fichier chargé : Thor - Corrective maintenance follow-up.xlsx (27 lignes, 20 colonnes)
2026-08-05 00:35:20 | INFO     | models.fichier_excel | JeuDonnees créé : 27 lignes, 20 colonnes
2026-08-05 00:35:32 | INFO     | models.analyse_eda | EDA : 0 colonnes numériques analysées
2026-08-05 00:35:41 | INFO     | models.fichier_excel | Fichier chargé : Thor - Corrective maintenance follow-up.xlsx (0 lignes, 0 colonnes)
2026-08-05 00:35:41 | INFO     | models.fichier_excel | JeuDonnees créé : 0 lignes, 0 colonnes
2026-08-05 00:35:45 | INFO     | models.fichier_excel | Fichier chargé : Thor - Corrective maintenance follow-up.xlsx (27 lignes, 20 colonnes)
2026-08-05 00:35:45 | INFO     | models.fichier_excel | JeuDonnees créé : 27 lignes, 20 colonnes
2026-08-05 00:35:49 | INFO     | models.analyse_eda | EDA : 0 colonnes numériques analysées
2026-08-05 00:35:53 | INFO     | models.fichier_excel | Fichier chargé : Thor - Corrective maintenance follow-up.xlsx (0 lignes, 0 colonnes)
2026-08-05 00:35:53 | INFO     | models.fichier_excel | JeuDonnees créé : 0 lignes, 0 colonnes
2026-08-05 00:35:56 | INFO     | models.fichier_excel | Fichier chargé : Thor - Corrective maintenance follow-up.xlsx (8 lignes, 1 colonnes)
2026-08-05 00:35:56 | INFO     | models.fichier_excel | JeuDonnees créé : 8 lignes, 1 colonnes
2026-08-05 00:36:00 | INFO     | models.fichier_excel | Fichier chargé : Thor - Corrective maintenance follow-up.xlsx (42 lignes, 3 colonnes)
2026-08-05 00:36:00 | INFO     | models.fichier_excel | JeuDonnees créé : 42 lignes, 3 colonnes
2026-08-05 00:36:06 | INFO     | models.analyse_eda | EDA : 2 colonnes numériques analysées
2026-08-05 00:36:14 | INFO     | models.modele_ml | Labels d'utilité générés (règles génériques) : {'trop_vide': 0, 'doublon': 0, 'valeur_aberrante': 4, 'non_utile_total': 4, 'utile_total': 38, 'colonnes_aberrantes': ["Sum of Durée de l'Arrêt\n(min)", '%']}
2026-08-05 00:36:14 | INFO     | models.pretraitement | Doublons supprimés : 0
2026-08-05 00:36:14 | INFO     | models.pretraitement | Valeurs manquantes imputées : 1
2026-08-05 00:36:39 | INFO     | models.fichier_excel | Fichier chargé : Thor - Corrective maintenance follow-up.xlsx (0 lignes, 0 colonnes)
2026-08-05 00:36:39 | INFO     | models.fichier_excel | JeuDonnees créé : 0 lignes, 0 colonnes
2026-08-05 00:36:43 | INFO     | models.fichier_excel | Fichier chargé : Thor - Corrective maintenance follow-up.xlsx (27 lignes, 20 colonnes)
2026-08-05 00:36:43 | INFO     | models.fichier_excel | JeuDonnees créé : 27 lignes, 20 colonnes
2026-08-05 00:36:46 | INFO     | models.fichier_excel | Fichier chargé : Thor - Corrective maintenance follow-up.xlsx (8 lignes, 1 colonnes)
2026-08-05 00:36:46 | INFO     | models.fichier_excel | JeuDonnees créé : 8 lignes, 1 colonnes
2026-08-05 00:36:50 | INFO     | models.fichier_excel | Fichier chargé : Thor - Corrective maintenance follow-up.xlsx (42 lignes, 3 colonnes)
2026-08-05 00:36:50 | INFO     | models.fichier_excel | JeuDonnees créé : 42 lignes, 3 colonnes
2026-08-06 10:55:26 | INFO     | models.fichier_excel | Fichier chargé : Thor - Corrective maintenance follow-up - Copy.xlsx (227 lignes, 12 colonnes)
2026-08-06 10:55:26 | INFO     | models.fichier_excel | JeuDonnees créé : 227 lignes, 12 colonnes
2026-08-06 10:55:42 | INFO     | models.fichier_excel | Fichier chargé : Thor - Corrective maintenance follow-up - Copy.xlsx (8 lignes, 1 colonnes)
2026-08-06 10:55:42 | INFO     | models.fichier_excel | JeuDonnees créé : 8 lignes, 1 colonnes
2026-08-06 10:55:46 | INFO     | models.fichier_excel | Fichier chargé : Thor - Corrective maintenance follow-up - Copy.xlsx (27 lignes, 20 colonnes)
2026-08-06 10:55:46 | INFO     | models.fichier_excel | JeuDonnees créé : 27 lignes, 20 colonnes
2026-08-06 10:55:55 | INFO     | models.fichier_excel | Fichier chargé : Thor - Corrective maintenance follow-up - Copy.xlsx (42 lignes, 3 colonnes)
2026-08-06 10:55:55 | INFO     | models.fichier_excel | JeuDonnees créé : 42 lignes, 3 colonnes
2026-08-06 10:56:04 | INFO     | models.analyse_eda | EDA : 2 colonnes numériques analysées
2026-08-06 10:56:18 | INFO     | models.modele_ml | Labels d'utilité générés (règles génériques) : {'trop_vide': 0, 'doublon': 0, 'valeur_aberrante': 4, 'non_utile_total': 4, 'utile_total': 38, 'colonnes_aberrantes': ["Sum of Durée de l'Arrêt\n(min)", '%']}
2026-08-06 10:56:18 | INFO     | models.pretraitement | Doublons supprimés : 0
2026-08-06 10:56:18 | INFO     | models.pretraitement | Valeurs manquantes imputées : 1
2026-08-06 10:56:25 | INFO     | models.risque_machine | Estimation par formule (temps restant) calculée pour 41 machine(s).
2026-08-06 10:56:36 | INFO     | models.modele_ml | RandomForestClassifier entraîné : 200 arbres, 44 features
2026-08-06 10:56:36 | INFO     | models.rapport_evaluation | Évaluation : accuracy=1.000 precision=1.000 recall=1.000 f1=1.000 roc_auc=1.000
2026-08-06 10:56:37 | INFO     | models.risque_machine | Estimation par formule (temps restant) calculée pour 41 machine(s).
2026-08-06 10:57:19 | INFO     | models.risque_machine | Estimation par formule (temps restant) calculée pour 41 machine(s).
